Close,Date
2406.84,2023-02-16
2389.19,2023-02-15
2417.45,2023-02-14
2412.35,2023-02-13
2440.35,2023-02-10
2496.55,2023-02-09
2484.07,2023-02-08
2507.15,2023-02-07
2534.24,2023-02-06
2587.13,2023-02-03
2610.26,2023-02-02
2608.15,2023-02-01
2573.6,2023-01-31
2561,2023-01-30
2627.54,2023-01-27
2638.85,2023-01-26
2653.2,2023-01-25
2651.32,2023-01-24
2635.15,2023-01-23
2610.65,2023-01-20
2587.5,2023-01-19
2615,2023-01-18
2615.98,2023-01-17
2625.73,2023-01-16
2595,2023-01-13
2542.12,2023-01-12
2495.6,2023-01-11
2463.3,2023-01-10
2421.65,2023-01-09
2307.32,2023-01-06
2258.35,2023-01-05
2266.5,2023-01-04
2318.5,2023-01-03
2377.85,2022-12-30
2404.85,2022-12-29
2381.1,2022-12-28
2394.5,2022-12-23
2406.2,2022-12-22
2398.56,2022-12-21
2389.73,2022-12-20
2375.14,2022-12-19
2392.97,2022-12-16
2403.63,2022-12-15
2446.59,2022-12-14
2460.85,2022-12-13
2413.8,2022-12-12
2473.85,2022-12-09
2498.85,2022-12-08
2494.35,2022-12-07
2508.5,2022-12-06
2522.35,2022-12-05
2474.85,2022-12-02
2485.68,2022-12-01
2485,2022-11-30
2379.65,2022-11-29
2362.65,2022-11-28
2362.35,2022-11-25
2367.35,2022-11-24
2392.15,2022-11-23
2427.34,2022-11-22
2361.8,2022-11-21
2394.71,2022-11-18
2382.32,2022-11-17
2409.78,2022-11-16
2435,2022-11-15
2434.48,2022-11-14
2463.65,2022-11-11
2322.97,2022-11-10
2318.85,2022-11-09
2356.15,2022-11-08
2323.33,2022-11-07
2350.53,2022-11-04
2264.15,2022-11-03
2256.39,2022-11-02
2247.15,2022-11-01
2211.1,2022-10-31
2220.23,2022-10-28
2287.35,2022-10-27
2329.75,2022-10-26
2218.77,2022-10-25
2181.25,2022-10-24
2215.21,2022-10-21
2209.7,2022-10-20
2170.5,2022-10-19
2183,2022-10-18
2227.35,2022-10-17
2327.57,2022-10-14
2364.85,2022-10-13
2204.69,2022-10-12
2236,2022-10-11
2260,2022-10-10
2330.43,2022-10-07
2362.65,2022-10-06
2298.15,2022-10-05
2349.79,2022-10-04
2224.35,2022-10-03
2149.85,2022-09-30
2197,2022-09-29
2115.53,2022-09-28
2111.32,2022-09-27
2139.35,2022-09-26
2165.15,2022-09-23
2231.04,2022-09-22
2215.91,2022-09-21
2245.5,2022-09-20
2249.34,2022-09-19
2276.85,2022-09-16
2310.38,2022-09-15
2270.35,2022-09-14
2313,2022-09-13
2290.28,2022-09-12
2290.25,2022-09-09
2267.35,2022-09-08
2244.52,2022-09-07
2259.82,2022-09-06
2289.15,2022-09-05
2295.65,2022-09-02
2300.72,2022-09-01
2370.85,2022-08-31
2395.11,2022-08-30
2493.65,2022-08-26
2433.65,2022-08-25
2430,2022-08-24
2427.65,2022-08-23
2387.25,2022-08-22
2386.2,2022-08-19
2404.65,2022-08-18
2411,2022-08-17
2392,2022-08-16
2384,2022-08-15
2487.09,2022-08-12
2511.6,2022-08-11
2489.65,2022-08-10
2492.59,2022-08-09
2445.65,2022-08-08
2418.65,2022-08-05
2402.8,2022-08-04
2377.85,2022-08-03
2414.3,2022-08-02
2448.84,2022-08-01
2460.85,2022-07-29
2471.6,2022-07-28
2420.95,2022-07-27
2423.65,2022-07-26
2409.15,2022-07-25
2475.7,2022-07-22
2428.77,2022-07-21
2447,2022-07-20
2385.5,2022-07-19
2431.15,2022-07-18
2339.43,2022-07-15
2340.99,2022-07-14
2369.31,2022-07-13
2359.85,2022-07-12
2381.38,2022-07-11
2436.65,2022-07-08
2442.7,2022-07-07
2388.07,2022-07-06
2392,2022-07-05
2463.85,2022-07-04
2397.69,2022-07-01
2431.33,2022-06-30
2470.85,2022-06-29
2490.85,2022-06-28
2474.77,2022-06-27
2455.85,2022-06-24
2477.35,2022-06-23
2479.5,2022-06-22
2533.65,2022-06-21
2527,2022-06-20
2497.85,2022-06-17
2504.5,2022-06-16
2583.98,2022-06-15
2566.8,2022-06-14
2638.37,2022-06-13
2685.69,2022-06-10
2760.85,2022-06-09
2802.69,2022-06-08
2751.79,2022-06-07
2782.65,2022-06-06
2726.15,2022-06-01
2787,2022-05-31
2904.85,2022-05-30
2871.35,2022-05-27
2862.58,2022-05-26
2871.86,2022-05-25
2878.51,2022-05-24
2973.21,2022-05-23
2977.78,2022-05-20
2861.85,2022-05-19
2878.16,2022-05-18
2890.65,2022-05-17
2831.8,2022-05-16
2833.36,2022-05-13
2790.13,2022-05-12
2777.57,2022-05-11
2753.65,2022-05-10
2753.33,2022-05-09
2841.85,2022-05-06
2903.35,2022-05-05
2952.28,2022-05-04
2911,2022-05-03
3048.9,2022-04-29
3039.69,2022-04-28
3104.44,2022-04-27
3079.35,2022-04-26
3094.6,2022-04-25
3246.05,2022-04-22
3298.15,2022-04-21
3264.25,2022-04-20
3263.94,2022-04-19
3293.25,2022-04-14
3233.26,2022-04-13
3243.27,2022-04-12
3247.85,2022-04-11
3376.85,2022-04-08
3384.85,2022-04-07
3464.68,2022-04-06
3464.8,2022-04-05
3468.05,2022-04-04
3442.37,2022-04-01
3490.85,2022-03-31
3551,2022-03-30
3441.15,2022-03-29
3615.1,2022-03-28
3613.84,2022-03-25
3590.93,2022-03-24
3683.79,2022-03-23
3504.5,2022-03-22
3521,2022-03-21
3398.63,2022-03-18
3384.5,2022-03-17
3271.75,2022-03-16
3277.5,2022-03-15
3330.15,2022-03-14
3489.28,2022-03-11
3427.5,2022-03-10
3311.4,2022-03-09
3502.94,2022-03-08
3740.15,2022-03-07
3849,2022-03-04
3732.3,2022-03-03
3530.07,2022-03-02
3462.37,2022-03-01
3378.8,2022-02-28
3371.98,2022-02-25
3397.23,2022-02-24
3298.97,2022-02-23
3303,2022-02-22
3280.6,2022-02-21
3253.6,2022-02-18
3268.15,2022-02-17
3255.8,2022-02-16
3189.65,2022-02-15
3202.85,2022-02-14
3136.65,2022-02-11
3237.4,2022-02-10
3265.8,2022-02-09
3182.8,2022-02-08
3119.55,2022-02-07
3074.1,2022-02-04
3027,2022-02-03
2986,2022-02-02
3045.32,2022-02-01
3028.65,2022-01-31
3082.35,2022-01-28
3095.99,2022-01-27
3093.85,2022-01-26
3082.38,2022-01-25
3028.5,2022-01-24
3034.05,2022-01-21
3115.94,2022-01-20
3051.15,2022-01-19
3025.85,2022-01-18
2995.92,2022-01-17
2964.17,2022-01-14
2952.15,2022-01-13
2982.5,2022-01-12
2970,2022-01-11
2942.66,2022-01-10
2917.23,2022-01-07
2926.91,2022-01-06
2916.85,2022-01-05
2837.86,2022-01-04
2818.45,2021-12-31
2818.15,2021-12-30
2820.45,2021-12-29
2836.85,2021-12-24
2846,2021-12-23
2824.5,2021-12-22
2753.85,2021-12-21
2715,2021-12-20
2724.3,2021-12-17
2667,2021-12-16
2603,2021-12-15
2628.5,2021-12-14
2652.97,2021-12-13
2606.5,2021-12-10
2626.5,2021-12-09
2633.35,2021-12-08
2628.65,2021-12-07
2592.85,2021-12-06
2621.45,2021-12-03
2607.65,2021-12-02
2664.65,2021-12-01
2626.65,2021-11-30
2629.8,2021-11-29
2624.93,2021-11-26
2706.74,2021-11-25
2703.85,2021-11-24
2672.85,2021-11-23
2684.88,2021-11-22
2675.9,2021-11-19
2600.29,2021-11-18
2611.43,2021-11-17
2570.98,2021-11-16
2656.85,2021-11-15
2700,2021-11-12
2659.43,2021-11-11
2581.02,2021-11-10
2561.33,2021-11-09
2605,2021-11-08
2554.48,2021-11-05
2564.39,2021-11-04
2659.75,2021-11-03
2692.35,2021-11-02
2714.5,2021-11-01
2716.25,2021-10-29
2762.44,2021-10-28
2684.23,2021-10-27
2834.37,2021-10-26
2875.5,2021-10-25
2868.15,2021-10-22
2910.5,2021-10-21
3069.35,2021-10-20
3108.63,2021-10-19
3167.7,2021-10-18
3164.5,2021-10-15
3122.15,2021-10-14
3063.74,2021-10-13
3063.89,2021-10-12
3049.76,2021-10-11
2957.85,2021-10-08
2945.65,2021-10-07
2897.3,2021-10-06
2921,2021-10-05
2916.15,2021-10-04
2849.65,2021-10-01
2858.5,2021-09-30
2912.85,2021-09-29
2944.5,2021-09-28
2891.1,2021-09-27
2926.85,2021-09-24
2949.5,2021-09-23
2938.35,2021-09-22
2846,2021-09-21
2863,2021-09-20
2886.15,2021-09-17
2882.05,2021-09-16
2893,2021-09-15
2830.85,2021-09-14
2891.59,2021-09-13
2916.07,2021-09-10
2839.5,2021-09-09
2795.89,2021-09-08
2756.85,2021-09-07
2764.51,2021-09-06
2727.15,2021-09-03
2701.85,2021-09-02
2689.85,2021-09-01
2709.57,2021-08-31
2649.5,2021-08-27
2619.5,2021-08-26
2617.3,2021-08-25
2614.85,2021-08-24
2602.15,2021-08-23
2565.87,2021-08-20
2538.95,2021-08-19
2555.15,2021-08-18
2599.5,2021-08-17
2605.22,2021-08-16
2599.85,2021-08-13
2582.35,2021-08-12
2585.7,2021-08-11
2574.7,2021-08-10
2547.45,2021-08-09
2598.5,2021-08-06
2587.8,2021-08-05
2563.01,2021-08-04
2586,2021-08-03
2615.85,2021-08-02
2590.15,2021-07-30
2582.74,2021-07-29
2526.28,2021-07-28
2500.5,2021-07-27
2522.15,2021-07-26
2496.74,2021-07-23
2462.15,2021-07-22
2456,2021-07-21
2455.09,2021-07-20
2432.85,2021-07-19
2507.68,2021-07-16
2519,2021-07-15
2531.05,2021-07-14
2529.05,2021-07-13
2489.5,2021-07-12
2503.32,2021-07-09
2453.85,2021-07-08
2510,2021-07-07
2530,2021-07-06
2555.85,2021-07-05
2543.65,2021-07-02
2512,2021-07-01
2505.1,2021-06-30
2551.5,2021-06-29
2486.63,2021-06-28
2485.85,2021-06-25
2430.15,2021-06-24
2434.77,2021-06-23
2407.83,2021-06-22
2372,2021-06-21
2384.85,2021-06-18
2361.65,2021-06-17
2451.05,2021-06-16
2465.15,2021-06-15
2494,2021-06-14
2460,2021-06-11
2460.29,2021-06-10
2458.65,2021-06-09
2431.45,2021-06-08
2425.85,2021-06-07
2442.15,2021-06-04
2408.59,2021-06-03
2439.05,2021-06-02
2503,2021-06-01
2483,2021-05-28
2480.8,2021-05-27
2404.15,2021-05-26
2367.13,2021-05-25
2387,2021-05-24
2382,2021-05-21
2357.65,2021-05-20
2426.56,2021-05-19
2484.75,2021-05-18
2504.35,2021-05-17
2454.9,2021-05-14
2451.7,2021-05-13
2492.65,2021-05-12
2527.72,2021-05-11
2525.59,2021-05-10
2540.48,2021-05-07
2488.33,2021-05-06
2444.7,2021-05-05
2428.75,2021-05-04
2418.65,2021-04-30
2416.8,2021-04-29
2399.5,2021-04-28
2395.85,2021-04-27
2403.5,2021-04-26
2382.34,2021-04-23
2363,2021-04-22
2364.5,2021-04-21
2326.4,2021-04-20
2341.32,2021-04-19
2318.25,2021-04-16
2340.03,2021-04-15
2323.7,2021-04-14
2293,2021-04-13
2251.68,2021-04-12
2263.8,2021-04-09
2279.13,2021-04-08
2267.85,2021-04-06
2225.65,2021-04-01
2213.44,2021-03-31
2231,2021-03-30
2266,2021-03-29
2298.15,2021-03-26
2243.98,2021-03-25
2258,2021-03-24
2231.5,2021-03-23
2272,2021-03-22
2265.5,2021-03-19
2222.65,2021-03-18
2227.5,2021-03-17
2202.3,2021-03-16
2217.8,2021-03-15
2171.15,2021-03-12
2177.85,2021-03-11
2168.2,2021-03-10
2165.25,2021-03-09
2183,2021-03-08
2162.38,2021-03-05
2170.71,2021-03-04
2200,2021-03-03
2211.5,2021-03-02
2153.27,2021-03-01
2154.35,2021-02-26
2230.34,2021-02-25
2178,2021-02-24
2127.28,2021-02-23
2166.5,2021-02-22
2132.96,2021-02-19
2136.86,2021-02-18
2115,2021-02-17
2086.65,2021-02-16
2083.35,2021-02-15
2089.35,2021-02-12
2079.5,2021-02-11
2077.46,2021-02-10
2054.15,2021-02-09
2027.75,2021-02-08
2015.65,2021-02-05
1996,2021-02-04
1973.5,2021-02-03
1972.65,2021-02-02
1969,2021-02-01
1998.62,2021-01-29
1984.08,2021-01-28
1995.39,2021-01-27
2016.3,2021-01-26
2007,2021-01-25
1994.84,2021-01-22
1997.15,2021-01-21
1980.5,2021-01-20
1964.2,2021-01-19
1981.5,2021-01-18
1990.85,2021-01-15
2004,2021-01-14
2011.8,2021-01-13
2009,2021-01-12
1999,2021-01-11
2021.65,2021-01-08
2025.6,2021-01-07
2038.7,2021-01-06
2040.35,2021-01-05
2031.5,2021-01-04
1979.35,2020-12-31
1999.3,2020-12-30
1991.15,2020-12-29
2030,2020-12-24
2008.15,2020-12-23
1999.6,2020-12-22
2026.53,2020-12-21
2055.72,2020-12-18
2064,2020-12-17
2035,2020-12-16
2031.43,2020-12-15
2048.69,2020-12-14
2026.85,2020-12-11
2057.5,2020-12-10
2035,2020-12-09
1990.15,2020-12-08
2017.1,2020-12-07
2044.25,2020-12-04
2024.2,2020-12-03
2054.85,2020-12-02
2064.65,2020-12-01
2045,2020-11-30
1998.65,2020-11-27
1976.15,2020-11-26
1970,2020-11-25
1986.35,2020-11-24
1984.08,2020-11-23
1995.5,2020-11-20
1992.5,2020-11-19
1993.35,2020-11-18
1977.65,2020-11-17
1946.38,2020-11-16
1931.85,2020-11-13
1927.15,2020-11-12
1918,2020-11-11
1908,2020-11-10
1893.35,2020-11-09
1901.3,2020-11-06
1897.35,2020-11-05
1881.15,2020-11-04
1905.5,2020-11-03
1865.85,2020-11-02
1848.35,2020-10-30
1801.21,2020-10-29
1809.5,2020-10-28
1816.15,2020-10-27
1827.35,2020-10-26
1842.65,2020-10-23
1846.35,2020-10-22
1843.65,2020-10-21
1834.5,2020-10-20
1853.5,2020-10-19
1870.65,2020-10-16
1852,2020-10-15
1850.25,2020-10-14
1858.2,2020-10-13
1855.3,2020-10-12
1841.4,2020-10-09
1804.35,2020-10-08
1783.35,2020-10-07
1764.8,2020-10-06
1776.2,2020-10-05
1767.85,2020-10-02
1737,2020-10-01
1765.75,2020-09-30
1782.8,2020-09-29
1775,2020-09-28
1748.5,2020-09-25
1749.3,2020-09-24
1754.65,2020-09-23
1776.65,2020-09-22
1779.65,2020-09-21
1792.3,2020-09-18
1781,2020-09-17
1791.25,2020-09-16
1789.5,2020-09-15
1800.65,2020-09-14
1775,2020-09-11
1780.25,2020-09-10
1783.85,2020-09-09
1791.85,2020-09-08
1795.5,2020-09-07
1786.65,2020-09-04
1780.2,2020-09-03
1786.2,2020-09-02
1819.53,2020-09-01
1801.25,2020-08-28
1780.85,2020-08-27
1780,2020-08-26
1775.5,2020-08-25
1770.35,2020-08-24
1764.85,2020-08-21
1789.35,2020-08-20
1793.5,2020-08-19
1774,2020-08-18
1758.13,2020-08-17
1745.85,2020-08-14
1763.35,2020-08-13
1787,2020-08-12
1786,2020-08-11
1785.8,2020-08-10
1770.85,2020-08-07
1777.65,2020-08-06
1766.8,2020-08-05
1770.2,2020-08-04
1751.85,2020-08-03
1713.35,2020-07-31
1720.72,2020-07-30
1724.85,2020-07-29
1724,2020-07-28
1708.2,2020-07-27
1700,2020-07-24
1701.2,2020-07-23
1686.98,2020-07-22
1696.35,2020-07-21
1664.65,2020-07-20
1661.65,2020-07-17
1670.65,2020-07-16
1680.15,2020-07-15
1688.5,2020-07-14
1689.85,2020-07-13
1688.5,2020-07-10
1664,2020-07-09
1665.1,2020-07-08
1634,2020-07-07
1634.35,2020-07-06
1614,2020-07-03
1620.8,2020-07-02
1621,2020-07-01
1619.75,2020-06-30
1608.8,2020-06-29
1601.35,2020-06-26
1569.85,2020-06-25
1572.2,2020-06-24
1594.85,2020-06-23
1603,2020-06-22
1591.9,2020-06-19
1600,2020-06-18
1607.35,2020-06-17
1597.5,2020-06-16
1577,2020-06-15
1584.85,2020-06-12
1601.35,2020-06-11
1627.35,2020-06-10
1605.65,2020-06-09
1605.15,2020-06-08
1591.35,2020-06-05
1563.15,2020-06-04
1568.7,2020-06-03
1547,2020-06-02
1541.23,2020-06-01
1545.58,2020-05-29
1536.85,2020-05-28
1525,2020-05-27
1519.4,2020-05-26
1506.35,2020-05-22
1520.85,2020-05-21
1490.44,2020-05-20
1490.25,2020-05-19
1495.75,2020-05-18
1461.85,2020-05-15
1474.1,2020-05-14
1480,2020-05-13
1481.9,2020-05-12
1497.5,2020-05-11
1495,2020-05-07
1479.3,2020-05-06
1484.3,2020-05-05
1486.85,2020-05-01
1494.65,2020-04-30
1506,2020-04-29
1504.5,2020-04-28
1506.85,2020-04-27
1506.88,2020-04-24
1513.85,2020-04-23
1515.15,2020-04-22
1490.35,2020-04-21
1502.8,2020-04-20
1506.9,2020-04-17
1512.35,2020-04-16
1507.7,2020-04-15
1503.35,2020-04-14
1479.35,2020-04-09
1465.65,2020-04-08
1477.35,2020-04-07
1471.85,2020-04-06
1481.35,2020-04-03
1491,2020-04-02
1499.65,2020-04-01
1532.77,2020-03-31
1530.7,2020-03-30
1545.5,2020-03-27
1536.15,2020-03-26
1537.5,2020-03-25
1548,2020-03-24
1560.8,2020-03-23
1583,2020-03-20
1630.15,2020-03-19
1649.85,2020-03-18
1651.5,2020-03-17
1674.85,2020-03-16
1680.65,2020-03-13
1655.85,2020-03-12
1674.85,2020-03-11
1697.15,2020-03-10
1687.15,2020-03-09
1685.15,2020-03-06
1720.15,2020-03-05
1726.15,2020-03-04
1721.85,2020-03-03
1717.15,2020-03-02
1694.35,2020-02-28
1690,2020-02-27
1695.85,2020-02-26
1703,2020-02-25
1699,2020-02-24
1713.5,2020-02-21
1711.15,2020-02-20
1720.2,2020-02-19
1720.15,2020-02-18
1721.15,2020-02-17
1722.15,2020-02-14
1752.79,2020-02-13
1734.15,2020-02-12
1734,2020-02-11
1702.2,2020-02-10
1725.85,2020-02-07
1737,2020-02-06
1715.15,2020-02-05
1686.15,2020-02-04
1686.35,2020-02-03
1723.15,2020-01-31
1731,2020-01-30
1736.85,2020-01-29
1752.15,2020-01-28
1764.15,2020-01-27
1780.85,2020-01-24
1794,2020-01-23
1811.15,2020-01-22
1824.3,2020-01-21
1815.74,2020-01-20
1805,2020-01-17
1812,2020-01-16
1800.85,2020-01-15
1808.85,2020-01-14
1798.15,2020-01-13
1806,2020-01-10
1803.7,2020-01-09
1801,2020-01-08
1816,2020-01-07
1833,2020-01-06
1820.7,2020-01-03
1804.35,2020-01-02
1810,2019-12-31
1827.15,2019-12-30
1825.15,2019-12-27
1814,2019-12-24
1804,2019-12-23
1799.85,2019-12-20
1796.85,2019-12-19
1776.85,2019-12-18
1763.85,2019-12-17
1775.75,2019-12-16
1767.85,2019-12-13
1774.85,2019-12-12
1760,2019-12-11
1755,2019-12-10
1757,2019-12-09
1765.15,2019-12-06
1752,2019-12-05
1757.2,2019-12-04
1766.25,2019-12-03
1790,2019-12-02
1769.85,2019-11-29
1752.15,2019-11-28
1763.85,2019-11-27
1753,2019-11-26
1736.15,2019-11-25
1739,2019-11-22
1734.15,2019-11-21
1741,2019-11-20
1730.85,2019-11-19
1738.15,2019-11-18
1754.85,2019-11-15
1746.78,2019-11-14
1767.25,2019-11-13
1777.85,2019-11-12
1778.85,2019-11-11
1807.35,2019-11-08
1812.85,2019-11-07
1810,2019-11-06
1808.4,2019-11-05
1814.85,2019-11-04
1785.85,2019-11-01
1755.15,2019-10-31
1760,2019-10-30
1754,2019-10-29
1737,2019-10-28
1728,2019-10-25
1723.85,2019-10-24
1725.15,2019-10-23
1718.85,2019-10-22
1728.85,2019-10-21
1737.85,2019-10-18
1726.85,2019-10-17
1727.85,2019-10-16
1727.85,2019-10-15
1719.85,2019-10-14
1721.85,2019-10-11
1752.85,2019-10-10
1743.85,2019-10-09
1751.35,2019-10-08
1746.15,2019-10-07
1719,2019-10-04
1718,2019-10-03
1705,2019-10-02
1740,2019-10-01
1721.5,2019-09-30
1735,2019-09-27
1737,2019-09-26
1752,2019-09-25
1762.5,2019-09-24
1785,2019-09-23
1795,2019-09-20
1800,2019-09-19
1785.5,2019-09-18
1792,2019-09-17
1793,2019-09-16
1810,2019-09-13
1803,2019-09-12
1825,2019-09-11
1820,2019-09-10
1799,2019-09-09
1791,2019-09-06
1784,2019-09-05
1775,2019-09-04
1753,2019-09-03
1749,2019-09-02
1753,2019-08-30
1753,2019-08-29
1746,2019-08-28
1761,2019-08-27
1770,2019-08-23
1766,2019-08-22
1779,2019-08-21
1782,2019-08-20
1794,2019-08-19
1792,2019-08-16
1782,2019-08-15
1775,2019-08-14
1785,2019-08-13
1770,2019-08-12
1771,2019-08-09
1778,2019-08-08
1745,2019-08-07
1759,2019-08-06
1763,2019-08-05
1770,2019-08-02
1780,2019-08-01
1799,2019-07-31
1803,2019-07-30
1811,2019-07-29
1802,2019-07-26
1826,2019-07-25
1826,2019-07-24
1816,2019-07-23
1816,2019-07-22
1848,2019-07-19
1854,2019-07-18
1847,2019-07-17
1850,2019-07-16
1842,2019-07-15
1822,2019-07-12
1828,2019-07-11
1850,2019-07-10
1821,2019-07-09
1809,2019-07-08
1803,2019-07-05
1807,2019-07-04
1790,2019-07-03
1782,2019-07-02
1794,2019-07-01
1800,2019-06-28
1790,2019-06-27
1820,2019-06-26
1814,2019-06-25
1793,2019-06-24
1767.5,2019-06-21
1781,2019-06-20
1784,2019-06-19
1781,2019-06-18
1758.5,2019-06-17
1764.5,2019-06-14
1787,2019-06-13
1790,2019-06-12
1778,2019-06-11
1775,2019-06-10
1764,2019-06-07
1776,2019-06-06
1771,2019-06-05
1786,2019-06-04
1777,2019-06-03
1794.5,2019-05-31
1782,2019-05-30
1795,2019-05-29
1807,2019-05-28
1800,2019-05-24
1797.5,2019-05-23
1779,2019-05-22
1796,2019-05-21
1797.5,2019-05-20
1837,2019-05-17
1860,2019-05-16
1855,2019-05-15
1844.5,2019-05-14
1809,2019-05-13
1808,2019-05-10
1799,2019-05-09
1797,2019-05-08
1816,2019-05-07
1795.5,2019-05-03
1816,2019-05-02
1815,2019-05-01
1797,2019-04-30
1828,2019-04-29
1837,2019-04-26
1857,2019-04-25
1872,2019-04-24
1866,2019-04-23
1867,2019-04-18
1850,2019-04-17
1855.5,2019-04-16
1865,2019-04-15
1863,2019-04-12
1860,2019-04-11
1864,2019-04-10
1878,2019-04-09
1871,2019-04-08
1890,2019-04-05
1895,2019-04-04
1896,2019-04-03
1889,2019-04-02
1899,2019-04-01
1912,2019-03-29
1903,2019-03-28
1911,2019-03-27
1888,2019-03-26
1883,2019-03-25
1903,2019-03-22
1899.5,2019-03-21
1937,2019-03-20
1946,2019-03-19
1920.5,2019-03-18
1897,2019-03-15
1903,2019-03-14
1905,2019-03-13
1873,2019-03-12
1847,2019-03-11
1872,2019-03-08
1864,2019-03-07
1866,2019-03-06
1874,2019-03-05
1875,2019-03-04
1918,2019-03-01
1911,2019-02-28
1922,2019-02-27
1911,2019-02-26
1906,2019-02-25
1913,2019-02-22
1905,2019-02-21
1868,2019-02-20
1856,2019-02-19
1856,2019-02-18
1859,2019-02-15
1850,2019-02-14
1860,2019-02-13
1861,2019-02-12
1880,2019-02-11
1881,2019-02-08
1894,2019-02-07
1907,2019-02-06
1922,2019-02-05
1919,2019-02-04
1883,2019-02-01
1910,2019-01-31
1909.5,2019-01-30
1892,2019-01-29
1867,2019-01-28
1920,2019-01-25
1890.5,2019-01-24
1909,2019-01-23
1883,2019-01-22
1852,2019-01-21
1870,2019-01-18
1858,2019-01-17
1859,2019-01-16
1845,2019-01-15
1828,2019-01-14
1836,2019-01-11
1861,2019-01-10
1852.5,2019-01-09
1864.5,2019-01-08
1878.5,2019-01-07
1865,2019-01-04
1835,2019-01-03
1797,2019-01-02
1846,2018-12-31
1845,2018-12-28
1851.5,2018-12-27
1893,2018-12-24
1909,2018-12-21
1912,2018-12-20
1927,2018-12-19
1925,2018-12-18
1942,2018-12-17
1926,2018-12-14
1932,2018-12-13
1939,2018-12-12
1939,2018-12-11
1938,2018-12-10
1955,2018-12-07
1936,2018-12-06
1969,2018-12-05
1974,2018-12-04
1974,2018-12-03
1958,2018-11-30
1940,2018-11-29
1932,2018-11-28
1930.5,2018-11-27
1951.5,2018-11-26
1949,2018-11-23
1946.5,2018-11-22
1953.5,2018-11-21
1940,2018-11-20
1934,2018-11-19
1940,2018-11-16
1929,2018-11-15
1943,2018-11-14
1935.5,2018-11-13
1942,2018-11-12
1954,2018-11-09
1990,2018-11-08
1985,2018-11-07
1950.5,2018-11-06
1975,2018-11-05
1973,2018-11-02
1966,2018-11-01
1953.5,2018-10-31
1967,2018-10-30
1984,2018-10-29
1998,2018-10-26
1994,2018-10-25
1997,2018-10-24
2001,2018-10-23
2007,2018-10-22
2003,2018-10-19
2013,2018-10-18
2022,2018-10-17
2034,2018-10-16
2027,2018-10-15
2041,2018-10-12
2020,2018-10-11
2047,2018-10-10
2056,2018-10-09
2067,2018-10-08
2130,2018-10-05
2169.5,2018-10-04
2206,2018-10-03
2118,2018-10-02
2084,2018-10-01
2062,2018-09-28
2030,2018-09-27
2065,2018-09-26
2071,2018-09-25
2060,2018-09-24
2091,2018-09-21
2043,2018-09-20
2026,2018-09-19
2035,2018-09-18
2032,2018-09-17
2043,2018-09-14
2064,2018-09-13
2064,2018-09-12
2044,2018-09-11
2095,2018-09-10
2070,2018-09-07
2040,2018-09-06
2068,2018-09-05
2062,2018-09-04
2097,2018-09-03
2125,2018-08-31
2132,2018-08-30
2172,2018-08-29
2095,2018-08-24
2075,2018-08-23
2065,2018-08-22
2054.5,2018-08-21
2055,2018-08-20
2030,2018-08-17
2048,2018-08-16
2025,2018-08-15
2070,2018-08-14
2082,2018-08-13
2105,2018-08-10
2078,2018-08-09
2106,2018-08-08
2038,2018-08-07
2043,2018-08-06
2028,2018-08-03
2036,2018-08-02
2052,2018-08-01
2081,2018-07-31
2094,2018-07-30
2071,2018-07-27
2067,2018-07-26
2062,2018-07-25
2084.5,2018-07-24
2069,2018-07-23
2029,2018-07-20
2001,2018-07-19
2027,2018-07-18
2032,2018-07-17
2055,2018-07-16
2031,2018-07-13
2042,2018-07-12
2060,2018-07-11
2090,2018-07-10
2121,2018-07-09
2080,2018-07-06
2080,2018-07-05
2089,2018-07-04
2080,2018-07-03
2098,2018-07-02
2133,2018-06-29
2155,2018-06-28
2176,2018-06-27
2157.5,2018-06-26
2155,2018-06-25
2175,2018-06-22
2179,2018-06-21
2166,2018-06-20
2171,2018-06-19
2219.5,2018-06-18
2204,2018-06-15
2256,2018-06-14
2275,2018-06-13
2302,2018-06-12
2301,2018-06-11
2299,2018-06-08
2312,2018-06-07
2345,2018-06-06
2312,2018-06-05
2314,2018-06-04
2305,2018-06-01
2292,2018-05-31
2270,2018-05-30
2263,2018-05-25
2281,2018-05-24
2270,2018-05-23
2270,2018-05-22
2280,2018-05-21
2270,2018-05-18
2293,2018-05-17
2315.5,2018-05-16
2327,2018-05-15
2319,2018-05-14
2288,2018-05-11
2335,2018-05-10
2366,2018-05-09
2350,2018-05-04
2269,2018-05-03
2321.5,2018-05-02
2260,2018-05-01
2255,2018-04-30
2223,2018-04-27
2275,2018-04-26
2245,2018-04-25
2227,2018-04-24
2295,2018-04-23
2469,2018-04-20
2485,2018-04-19
2537,2018-04-18
2405,2018-04-17
2399,2018-04-16
2285,2018-04-13
2325,2018-04-12
2250,2018-04-11
2201,2018-04-10
2139,2018-04-09
2042,2018-04-06
2009,2018-04-05
1991,2018-04-04
2004.5,2018-03-29
2027,2018-03-28
2045,2018-03-27
2052,2018-03-26
2050.5,2018-03-23
2075,2018-03-22
2081,2018-03-21
2076,2018-03-20
2088,2018-03-19
2085,2018-03-16
2085,2018-03-15
2089,2018-03-14
2103,2018-03-13
2100,2018-03-12
2120,2018-03-09
2106,2018-03-08
2097,2018-03-07
2147,2018-03-06
2145.5,2018-03-05
2149,2018-03-02
2147,2018-03-01
2132,2018-02-28
2147,2018-02-27
2138,2018-02-26
2140,2018-02-23
2185,2018-02-22
2201,2018-02-21
2185,2018-02-20
2214,2018-02-19
2208,2018-02-16
2165,2018-02-15
2177.5,2018-02-14
2139,2018-02-13
2125,2018-02-12
2123,2018-02-09
2170,2018-02-08
2158,2018-02-07
2170,2018-02-06
2211,2018-02-05
2210,2018-02-02
2225,2018-02-01
2219.5,2018-01-31
2207,2018-01-30
2225,2018-01-29
2257,2018-01-26
2241,2018-01-25
2250,2018-01-24
2229.5,2018-01-23
2249,2018-01-22
2220,2018-01-19
2241,2018-01-18
2192,2018-01-17
2189,2018-01-16
2227,2018-01-15
2214,2018-01-12
2175.5,2018-01-11
2182,2018-01-10
2152.5,2018-01-09
2175,2018-01-08
2202.5,2018-01-05
2250,2018-01-04
2228,2018-01-03
2264.5,2018-01-02
2268,2017-12-29
2284,2017-12-28
2252,2017-12-27
2192,2017-12-22
2148,2017-12-21
2122,2017-12-20
2099,2017-12-19
2074,2017-12-18
2066,2017-12-15
2049.5,2017-12-14
2009,2017-12-13
2016,2017-12-12
2022,2017-12-11
2010.5,2017-12-08
2010,2017-12-07
2019,2017-12-06
2052,2017-12-05
2069,2017-12-04
2074.5,2017-12-01
2048,2017-11-30
2068,2017-11-29
2102.5,2017-11-28
2135,2017-11-27
2132,2017-11-24
2113,2017-11-23
2107,2017-11-22
2082,2017-11-21
2086,2017-11-20
2104,2017-11-17
2102,2017-11-16
2106,2017-11-15
2082,2017-11-14
2108,2017-11-13
2101,2017-11-10
2093,2017-11-09
2109,2017-11-08
2132,2017-11-07
2171,2017-11-06
2185,2017-11-03
2173.5,2017-11-02
2185,2017-11-01
2160,2017-10-31
2163,2017-10-30
2168,2017-10-27
2190,2017-10-26
2186,2017-10-25
2155,2017-10-24
2137,2017-10-23
2136,2017-10-20
2153,2017-10-19
2121,2017-10-18
2140,2017-10-17
2136,2017-10-16
2133.5,2017-10-13
2146.5,2017-10-12
2130,2017-10-11
2163,2017-10-10
2173.5,2017-10-09
2153,2017-10-06
2171.5,2017-10-05
2166,2017-10-04
2131,2017-10-03
2101,2017-10-02
2102,2017-09-29
2131,2017-09-28
2131.5,2017-09-27
2126,2017-09-26
2148,2017-09-25
2158,2017-09-22
2171,2017-09-21
2177,2017-09-20
2125,2017-09-19
2089.5,2017-09-18
2086,2017-09-15
2098,2017-09-14
2110,2017-09-13
2137,2017-09-12
2122,2017-09-11
2099,2017-09-08
2107,2017-09-07
2104.5,2017-09-06
2096,2017-09-05
2119.5,2017-09-04
2136,2017-09-01
2117,2017-08-31
2087.5,2017-08-30
2095,2017-08-29
2070,2017-08-25
2106,2017-08-24
2097,2017-08-23
2075,2017-08-22
2081,2017-08-21
2062,2017-08-18
2076,2017-08-17
2094,2017-08-16
2049,2017-08-15
2023,2017-08-14
2042.5,2017-08-11
2037,2017-08-10
2027.5,2017-08-09
2030,2017-08-08
1964,2017-08-07
1910.5,2017-08-04
1916,2017-08-03
1926,2017-08-02
1907,2017-08-01
1918,2017-07-31
1907,2017-07-28
1938,2017-07-27
1942,2017-07-26
1930,2017-07-25
1912,2017-07-24
1915,2017-07-21
1917,2017-07-20
1920,2017-07-19
1931,2017-07-18
1918,2017-07-17
1927,2017-07-14
1923,2017-07-13
1889,2017-07-12
1900,2017-07-11
1897,2017-07-10
1930,2017-07-07
1944,2017-07-06
1929,2017-07-05
1928,2017-07-04
1927,2017-07-03
1919,2017-06-30
1915,2017-06-29
1896,2017-06-28
1883,2017-06-27
1862,2017-06-26
1865,2017-06-23
1870,2017-06-22
1867,2017-06-21
1886.5,2017-06-20
1886.5,2017-06-19
1867,2017-06-16
1872,2017-06-15
1882.5,2017-06-14
1889,2017-06-13
1889,2017-06-12
1907,2017-06-09
1902.5,2017-06-08
1906,2017-06-07
1901,2017-06-06
1903,2017-06-05
1931,2017-06-02
1927,2017-06-01
1928,2017-05-31
1926,2017-05-30
1951,2017-05-26
1960,2017-05-25
1945,2017-05-24
1943,2017-05-23
1938,2017-05-22
1943.5,2017-05-19
1923,2017-05-18
1924.5,2017-05-17
1923,2017-05-16
1905.5,2017-05-15
1891,2017-05-12
1875,2017-05-11
1865,2017-05-10
1870,2017-05-09
1879,2017-05-08
1903,2017-05-05
1913,2017-05-04
1924,2017-05-03
1929.5,2017-05-02
1911.5,2017-04-28
1924,2017-04-27
1964.5,2017-04-26
1963,2017-04-25
1946,2017-04-24
1933.5,2017-04-21
1943,2017-04-20
1903,2017-04-19
1892,2017-04-18
1909,2017-04-13
1898,2017-04-12
1921,2017-04-11
1926.5,2017-04-10
1962,2017-04-07
1953,2017-04-06
1961,2017-04-05
1938,2017-04-04
1952,2017-04-03
1962.5,2017-03-31
1972,2017-03-30
1960,2017-03-29
1944,2017-03-28
1930,2017-03-27
1939,2017-03-24
1933.5,2017-03-23
1922,2017-03-22
1927,2017-03-21
1922,2017-03-20
1914,2017-03-17
1900,2017-03-16
1887,2017-03-15
1860,2017-03-14
1881,2017-03-13
1880,2017-03-10
1868,2017-03-09
1877,2017-03-08
1876,2017-03-07
1876.5,2017-03-06
1892,2017-03-03
1911,2017-03-02
1949,2017-03-01
1924,2017-02-28
1900,2017-02-27
1885,2017-02-24
1867,2017-02-23
1884.5,2017-02-22
1886,2017-02-21
1900,2017-02-20
1880,2017-02-17
1897,2017-02-16
1913,2017-02-15
1887,2017-02-14
1871,2017-02-13
1874,2017-02-10
1850,2017-02-09
1847.5,2017-02-08
1831,2017-02-07
1834.5,2017-02-06
1834.5,2017-02-03
1829,2017-02-02
1819,2017-02-01
1819,2017-01-31
1802,2017-01-30
1816,2017-01-27
1820,2017-01-26
1833.5,2017-01-25
1867,2017-01-24
1849.5,2017-01-23
1845,2017-01-20
1826,2017-01-19
1834.5,2017-01-18
1798,2017-01-17
1792,2017-01-16
1809,2017-01-13
1790,2017-01-12
1758,2017-01-11
1749,2017-01-10
1726,2017-01-09
1713,2017-01-06
1702.5,2017-01-05
1685,2017-01-04
1687,2017-01-03
1693,2016-12-30
1679,2016-12-29
1705,2016-12-28
1719,2016-12-23
1722,2016-12-22
1725,2016-12-21
1721,2016-12-20
1712,2016-12-19
1717,2016-12-16
1735.5,2016-12-15
1746,2016-12-14
1741,2016-12-13
1731,2016-12-12
1750,2016-12-09
1724,2016-12-08
1707,2016-12-07
1709,2016-12-06
1734.5,2016-12-05
1714.5,2016-12-02
1722,2016-12-01
1732,2016-11-30
1721,2016-11-29
1747,2016-11-28
1757,2016-11-25
1770,2016-11-24
1778,2016-11-23
1760,2016-11-22
1722,2016-11-21
1694,2016-11-18
1688,2016-11-17
1697,2016-11-16
1735,2016-11-15
1735,2016-11-14
1745,2016-11-11
1770,2016-11-10
1753,2016-11-09
1731,2016-11-08
1727,2016-11-07
1722,2016-11-04
1731,2016-11-03
1726.5,2016-11-02
1735,2016-11-01
1734,2016-10-31
1719,2016-10-28
1699,2016-10-27
1679,2016-10-26
1669,2016-10-25
1630.5,2016-10-24
1625,2016-10-21
1612,2016-10-20
1631.5,2016-10-19
1642,2016-10-18
1660.5,2016-10-17
1675,2016-10-14
1692,2016-10-13
1685,2016-10-12
1679,2016-10-11
1690.5,2016-10-10
1675,2016-10-07
1677,2016-10-06
1675,2016-10-05
1669,2016-10-04
1678,2016-10-03
1673,2016-09-30
1671,2016-09-29
1665,2016-09-28
1651,2016-09-27
1661,2016-09-26
1637,2016-09-23
1633,2016-09-22
1584,2016-09-21
1577,2016-09-20
1583,2016-09-19
1575.5,2016-09-16
1572,2016-09-15
1586,2016-09-14
1565,2016-09-13
1568,2016-09-12
1578.5,2016-09-09
1590.5,2016-09-08
1593,2016-09-07
1589,2016-09-06
1580,2016-09-05
1594,2016-09-02
1615,2016-09-01
1614,2016-08-31
1630,2016-08-30
1642.5,2016-08-26
1644.5,2016-08-25
1646,2016-08-24
1669,2016-08-23
1667,2016-08-22
1667,2016-08-19
1683,2016-08-18
1694,2016-08-17
1693,2016-08-16
1676,2016-08-15
1655,2016-08-12
1653,2016-08-11
1647,2016-08-10
1642,2016-08-09
1643,2016-08-08
1645,2016-08-05
1630.5,2016-08-04
1630,2016-08-03
1641.5,2016-08-02
1653.5,2016-08-01
1628,2016-07-29
1603,2016-07-28
1593,2016-07-27
1601,2016-07-26
1613,2016-07-25
1612.5,2016-07-22
1611.5,2016-07-21
1625,2016-07-20
1655.5,2016-07-19
1652.5,2016-07-18
1695.5,2016-07-15
1681,2016-07-14
1681.5,2016-07-13
1660,2016-07-12
1662.5,2016-07-11
1652.5,2016-07-08
1647,2016-07-07
1635,2016-07-06
1633.5,2016-07-05
1662.5,2016-07-04
1654.5,2016-07-01
1643.5,2016-06-30
1623.5,2016-06-29
1613,2016-06-28
1603,2016-06-27
1610.5,2016-06-24
1635,2016-06-23
1634,2016-06-22
1634,2016-06-21
1618.5,2016-06-20
1614,2016-06-17
1604,2016-06-16
1625,2016-06-15
1606,2016-06-14
1582,2016-06-13
1585.5,2016-06-10
1601,2016-06-09
1607,2016-06-08
1551.5,2016-06-07
1557.5,2016-06-06
1548.5,2016-06-03
1566,2016-06-02
1557,2016-06-01
1559,2016-05-31
1558.5,2016-05-27
1559,2016-05-26
1545.5,2016-05-25
1562,2016-05-24
1540,2016-05-23
1568.5,2016-05-20
1548.5,2016-05-19
1541.5,2016-05-18
1543,2016-05-17
1540.5,2016-05-16
1544,2016-05-13
1556,2016-05-12
1574,2016-05-11
1562,2016-05-10
1574.5,2016-05-09
1614.5,2016-05-06
1616.5,2016-05-05
1630,2016-05-04
1649,2016-05-03
1675,2016-04-29
1649.5,2016-04-28
1646.5,2016-04-27
1642.5,2016-04-26
1652,2016-04-25
1642.5,2016-04-22
1638,2016-04-21
1601,2016-04-20
1566,2016-04-19
1555.5,2016-04-18
1545.5,2016-04-15
1562.5,2016-04-14
1550.5,2016-04-13
1525.5,2016-04-12
1506.5,2016-04-11
1509,2016-04-08
1505.5,2016-04-07
1504.5,2016-04-06
1519,2016-04-05
1537,2016-04-04
1535.5,2016-04-01
1501,2016-03-31
1490.5,2016-03-30
1483.5,2016-03-29
1480,2016-03-24
1494.5,2016-03-23
1503,2016-03-22
1512.5,2016-03-21
1519.5,2016-03-18
1525,2016-03-17
1510,2016-03-16
1523.5,2016-03-15
1547,2016-03-14
1559.5,2016-03-11
1574,2016-03-10
1564,2016-03-09
1588.5,2016-03-08
1586.5,2016-03-07
1572.5,2016-03-04
1588,2016-03-03
1580.5,2016-03-02
1577,2016-03-01
1585.5,2016-02-29
1571.5,2016-02-26
1577,2016-02-25
1545,2016-02-24
1565,2016-02-23
1554.5,2016-02-22
1537,2016-02-19
1517.5,2016-02-18
1515,2016-02-17
1527,2016-02-16
1507,2016-02-15
1494.5,2016-02-12
1489,2016-02-11
1495,2016-02-10
1491.5,2016-02-09
1499,2016-02-08
1533,2016-02-05
1531,2016-02-04
1511.5,2016-02-03
1524,2016-02-02
1516,2016-02-01
1524,2016-01-29
1524,2016-01-28
1505.5,2016-01-27
1481,2016-01-26
1481,2016-01-25
1497,2016-01-22
1470.5,2016-01-21
1467.5,2016-01-20
1491,2016-01-19
1476,2016-01-18
1467.5,2016-01-15
1470.5,2016-01-14
1451.5,2016-01-13
1462,2016-01-12
1476.5,2016-01-11
1483,2016-01-08
1461,2016-01-07
1464,2016-01-06
1477.5,2016-01-05
1471,2016-01-04
1513.5,2015-12-31
1513,2015-12-30
1541,2015-12-29
1542,2015-12-24
1527.5,2015-12-23
1515,2015-12-22
1506,2015-12-21
1500,2015-12-18
1475,2015-12-17
1478,2015-12-16
1477,2015-12-15
1475.5,2015-12-14
1495.5,2015-12-11
1481.5,2015-12-10
1495,2015-12-09
1468,2015-12-08
1508.5,2015-12-07
1510.5,2015-12-04
1469,2015-12-03
1469,2015-12-02
1450,2015-12-01
1452,2015-11-30
1486.5,2015-11-27
1480.5,2015-11-26
1440,2015-11-25
1444.5,2015-11-24
1435,2015-11-23
1487.5,2015-11-20
1461.5,2015-11-19
1474,2015-11-18
1479.5,2015-11-17
1474,2015-11-16
1489.5,2015-11-13
1492.5,2015-11-12
1505.5,2015-11-11
1498.5,2015-11-10
1518.5,2015-11-09
1507.5,2015-11-06
1496.5,2015-11-05
1503,2015-11-04
1500.5,2015-11-03
1483.5,2015-11-02
1479,2015-10-30
1471.5,2015-10-29
1467,2015-10-28
1491,2015-10-27
1501.5,2015-10-26
1517,2015-10-23
1517,2015-10-22
1524,2015-10-21
1536,2015-10-20
1559,2015-10-19
1564,2015-10-16
1587.5,2015-10-15
1588.5,2015-10-14
1577,2015-10-13
1627,2015-10-12
1623.5,2015-10-09
1568,2015-10-08
1579.5,2015-10-07
1557,2015-10-06
1556,2015-10-05
1553,2015-10-02
1588,2015-10-01
1573,2015-09-30
1561.5,2015-09-29
1549.5,2015-09-28
1577.5,2015-09-25
1573,2015-09-24
1582.5,2015-09-23
1589,2015-09-22
1623,2015-09-21
1636,2015-09-18
1618.5,2015-09-17
1618.5,2015-09-16
1615.5,2015-09-15
1618,2015-09-14
1634.5,2015-09-11
1627,2015-09-10
1649,2015-09-09
1615.5,2015-09-08
1610,2015-09-07
1623.5,2015-09-04
1626.5,2015-09-03
1591.5,2015-09-02
1595,2015-09-01
1566,2015-08-28
1546.5,2015-08-27
1536,2015-08-26
1546.5,2015-08-25
1510.5,2015-08-24
1551.5,2015-08-21
1572,2015-08-20
1552,2015-08-19
1558.5,2015-08-18
1558.5,2015-08-17
1573.5,2015-08-14
1569.5,2015-08-13
1582,2015-08-12
1581.5,2015-08-11
1587,2015-08-10
1592.5,2015-08-07
1588.5,2015-08-06
1611,2015-08-05
1614,2015-08-04
1605.5,2015-08-03
1625,2015-07-31
1645,2015-07-30
1657,2015-07-29
1649.5,2015-07-28
1641.5,2015-07-27
1639,2015-07-24
1650.5,2015-07-23
1655,2015-07-22
1674,2015-07-21
1682.5,2015-07-20
1703,2015-07-17
1709,2015-07-16
1718,2015-07-15
1693,2015-07-14
1705.5,2015-07-13
1692.5,2015-07-10
1692.5,2015-07-09
1660.5,2015-07-08
1686.5,2015-07-07
1685,2015-07-06
1723,2015-07-03
1731,2015-07-02
1706.5,2015-07-01
1688.5,2015-06-30
1682.5,2015-06-29
1710,2015-06-26
1711.5,2015-06-25
1730,2015-06-24
1723,2015-06-23
1692.5,2015-06-22
1690.5,2015-06-19
1719,2015-06-18
1717.5,2015-06-17
1702,2015-06-16
1704,2015-06-15
1741.5,2015-06-12
1737.5,2015-06-11
1763,2015-06-10
1760.5,2015-06-09
1737.5,2015-06-08
1731.5,2015-06-05
1736,2015-06-04
1756,2015-06-03
1752,2015-06-02
1734,2015-06-01
1745,2015-05-29
1760.5,2015-05-28
1738.5,2015-05-27
1752,2015-05-26
1765,2015-05-22
1776,2015-05-21
1790,2015-05-20
1788,2015-05-19
1837,2015-05-18
1848,2015-05-15
1885,2015-05-14
1895,2015-05-13
1884,2015-05-12
1886,2015-05-11
1896,2015-05-08
1898.5,2015-05-07
1937.5,2015-05-06
1926,2015-05-05
1921.5,2015-05-01
1904,2015-04-30
1884.5,2015-04-29
1862,2015-04-28
1820,2015-04-27
1809,2015-04-24
1784,2015-04-23
1813.5,2015-04-22
1806,2015-04-21
1829,2015-04-20
1830.5,2015-04-17
1839.5,2015-04-16
1797.5,2015-04-15
1767.5,2015-04-14
1771,2015-04-13
1769.5,2015-04-10
1770,2015-04-09
1774.5,2015-04-08
1785,2015-04-07
1774,2015-04-02
1768.5,2015-04-01
1790,2015-03-31
1784.5,2015-03-30
1777.5,2015-03-27
1791,2015-03-26
1772,2015-03-25
1796,2015-03-24
1796,2015-03-23
1772,2015-03-20
1781.5,2015-03-19
1776.5,2015-03-18
1768,2015-03-17
1766,2015-03-16
1746.5,2015-03-13
1753.5,2015-03-12
1770,2015-03-11
1762,2015-03-10
1775,2015-03-09
1796,2015-03-06
1806,2015-03-05
1804,2015-03-04
1796,2015-03-03
1811,2015-03-02
1808,2015-02-27
1817,2015-02-26
1801,2015-02-25
1809,2015-02-24
1793,2015-02-23
1810.5,2015-02-20
1820.5,2015-02-19
1820,2015-02-18
1820.5,2015-02-17
1830,2015-02-16
1846,2015-02-13
1833.5,2015-02-12
1831.5,2015-02-11
1861,2015-02-10
1870,2015-02-09
1884,2015-02-06
1862,2015-02-05
1875.5,2015-02-04
1889.5,2015-02-03
1865.5,2015-02-02
1847,2015-01-30
1831.5,2015-01-29
1858,2015-01-28
1857,2015-01-27
1828.5,2015-01-26
1835.5,2015-01-23
1871.5,2015-01-22
1832.5,2015-01-21
1834.5,2015-01-20
1813,2015-01-19
1808.5,2015-01-16
1793,2015-01-15
1778.5,2015-01-14
1783,2015-01-13
1801.5,2015-01-12
1818,2015-01-09
1802.5,2015-01-08
1791,2015-01-07
1806.5,2015-01-06
1822.5,2015-01-05
1848,2015-01-02
1859,2014-12-31
1854,2014-12-30
1860,2014-12-29
1864,2014-12-24
1878.5,2014-12-23
1905,2014-12-22
1917.5,2014-12-19
1917,2014-12-18
1894,2014-12-17
1910,2014-12-16
1931,2014-12-15
1940.5,2014-12-12
1954.5,2014-12-11
1965.5,2014-12-10
1960,2014-12-09
1973,2014-12-08
1996.5,2014-12-05
1974.5,2014-12-04
1967,2014-12-03
2002.5,2014-12-02
1998,2014-12-01
2027,2014-11-28
2064.5,2014-11-27
2065.5,2014-11-26
2059,2014-11-25
2048,2014-11-24
2063,2014-11-21
2011,2014-11-20
2015,2014-11-19
2005.5,2014-11-18
2039,2014-11-17
2017.5,2014-11-14
2057,2014-11-13
2049.5,2014-11-12
2014.5,2014-11-11
2042,2014-11-10
2070,2014-11-07
2053.5,2014-11-06
2034,2014-11-05
2049,2014-11-04
2042.5,2014-11-03
2036.5,2014-10-31
2011,2014-10-30
2014,2014-10-29
1996.5,2014-10-28
1967,2014-10-27
1965,2014-10-24
1986.5,2014-10-23
1997,2014-10-22
1981,2014-10-21
1970,2014-10-20
1945,2014-10-17
1900,2014-10-16
1941,2014-10-15
1938,2014-10-14
1933.5,2014-10-13
1922.5,2014-10-10
1956,2014-10-09
1950.5,2014-10-08
1916.5,2014-10-07
1925.5,2014-10-06
1913,2014-10-03
1898,2014-10-02
1933,2014-10-01
1969,2014-09-30
1948,2014-09-29
1956.5,2014-09-26
1960.5,2014-09-25
1957,2014-09-24
1973.5,2014-09-23
1958,2014-09-22
1983,2014-09-19
1985,2014-09-18
2005.5,2014-09-17
2005.5,2014-09-16
2001,2014-09-15
2046.5,2014-09-12
2040.5,2014-09-11
2051,2014-09-10
2076,2014-09-09
2109,2014-09-08
2098,2014-09-05
2107,2014-09-04
2091,2014-09-03
2099.5,2014-09-02
2095.5,2014-09-01
2113.5,2014-08-29
2089,2014-08-28
2086.5,2014-08-27
2089,2014-08-26
2060.5,2014-08-22
2069,2014-08-21
2054.5,2014-08-20
2037.5,2014-08-19
1995,2014-08-18
1989,2014-08-15
2021.5,2014-08-14
2044,2014-08-13
2051,2014-08-12
2033,2014-08-11
2023.5,2014-08-08
2024,2014-08-07
1993.5,2014-08-06
2013.5,2014-08-05
2004,2014-08-04
1970.5,2014-08-01
2022,2014-07-31
1993.5,2014-07-30
1985.5,2014-07-29
2006.5,2014-07-28
2029,2014-07-25
2036,2014-07-24
2030.5,2014-07-23
2039,2014-07-22
2007,2014-07-21
1979,2014-07-18
1983.5,2014-07-17
1981.5,2014-07-16
1946,2014-07-15
1943,2014-07-14
1932,2014-07-11
1910.5,2014-07-10
1951,2014-07-09
1942.5,2014-07-08
1926.5,2014-07-07
1925.5,2014-07-04
1918.5,2014-07-03
1888.5,2014-07-02
1870.5,2014-07-01
1884,2014-06-30
1885.5,2014-06-27
1891.5,2014-06-26
1902,2014-06-25
1896,2014-06-24
1897,2014-06-23
1885.5,2014-06-20
1886,2014-06-19
1869.5,2014-06-18
1852,2014-06-17
1843.5,2014-06-16
1842.5,2014-06-13
1861.5,2014-06-12
1871.5,2014-06-11
1893,2014-06-10
1897,2014-06-09
1838,2014-06-06
1846.5,2014-06-05
1821.5,2014-06-04
1831.5,2014-06-03
1850,2014-06-02
1856.5,2014-05-30
1820.5,2014-05-29
1842,2014-05-28
1819,2014-05-27
1818.5,2014-05-23
1786,2014-05-22
1756,2014-05-21
1764.5,2014-05-20
1767,2014-05-19
1775.5,2014-05-16
1797,2014-05-15
1803.5,2014-05-14
1782.5,2014-05-13
1784,2014-05-12
1762,2014-05-09
1761,2014-05-08
1773.5,2014-05-07
1792,2014-05-06
1777.5,2014-05-02
1781,2014-05-01
1812,2014-04-30
1821.5,2014-04-29
1840.5,2014-04-28
1863,2014-04-25
1877.5,2014-04-24
1874,2014-04-23
1886,2014-04-22
1875,2014-04-17
1868,2014-04-16
1857.5,2014-04-15
1871.5,2014-04-14
1873,2014-04-11
1882.5,2014-04-10
1823,2014-04-09
1815.5,2014-04-08
1831,2014-04-07
1845,2014-04-04
1822.5,2014-04-03
1816.5,2014-04-02
1785,2014-04-01
1773.5,2014-03-31
1752,2014-03-28
1725.5,2014-03-27
1750,2014-03-26
1760,2014-03-25
1732,2014-03-24
1719,2014-03-21
1715,2014-03-20
1715.5,2014-03-19
1732.5,2014-03-18
1727.5,2014-03-17
1738.5,2014-03-14
1745.5,2014-03-13
1759,2014-03-12
1788.5,2014-03-11
1756.5,2014-03-10
1771,2014-03-07
1775,2014-03-06
1786,2014-03-05
1733,2014-03-04
1723,2014-03-03
1765.5,2014-02-28
1759.5,2014-02-27
1780,2014-02-26
1755,2014-02-25
1742,2014-02-24
1777.5,2014-02-21
1761,2014-02-20
1770.5,2014-02-19
1736.5,2014-02-18
1745.5,2014-02-17
1750.5,2014-02-14
1730.5,2014-02-13
1729,2014-02-12
1714,2014-02-11
1714.5,2014-02-10
1719,2014-02-07
1697,2014-02-06
1707.5,2014-02-05
1686.5,2014-02-04
1701.5,2014-02-03
1708.5,2014-01-31
1729.5,2014-01-30
1753.5,2014-01-29
1757,2014-01-28
1756,2014-01-27
1770,2014-01-24
1773.5,2014-01-23
1789,2014-01-22
1786,2014-01-21
1813,2014-01-20
1807,2014-01-17
1795.5,2014-01-16
1760,2014-01-15
1770.5,2014-01-14
1763,2014-01-13
1760.5,2014-01-10
1757.5,2014-01-09
1782.5,2014-01-08
1780.5,2014-01-07
1762,2014-01-06
1787,2014-01-03
1802.5,2014-01-02
1811,2013-12-31
1820,2013-12-30
1797,2013-12-27
1755.5,2013-12-24
1764.5,2013-12-23
1785,2013-12-20
1781.5,2013-12-19
1797,2013-12-18
1790.5,2013-12-17
1791,2013-12-16
1796,2013-12-13
1805,2013-12-12
1815,2013-12-11
1807.5,2013-12-10
1795.5,2013-12-09
1773,2013-12-06
1773.5,2013-12-05
1747.5,2013-12-04
1740.5,2013-12-03
1746,2013-12-02
1754,2013-11-29
1751,2013-11-28
1767.5,2013-11-27
1781,2013-11-26
1775.5,2013-11-25
1794,2013-11-22
1776,2013-11-21
1786,2013-11-20
1784,2013-11-19
1784,2013-11-18
1785.5,2013-11-15
1786.5,2013-11-14
1794.5,2013-11-13
1802.5,2013-11-12
1805,2013-11-11
1813,2013-11-08
1820.5,2013-11-07
1830.5,2013-11-06
1813,2013-11-05
1832,2013-11-04
1862.5,2013-11-01
1876,2013-10-31
1891,2013-10-30
1896,2013-10-29
1886,2013-10-28
1855,2013-10-25
1847.5,2013-10-24
1869.5,2013-10-23
1880,2013-10-22
1853,2013-10-21
1854,2013-10-18
1843.5,2013-10-17
1835,2013-10-16
1854.5,2013-10-15
1874,2013-10-14
1875.5,2013-10-11
1866,2013-10-10
1887,2013-10-09
1864.5,2013-10-08
1837.5,2013-10-07
1831.5,2013-10-04
1832.5,2013-10-03
1821,2013-10-02
1836,2013-10-01
1849.5,2013-09-30
1834.5,2013-09-27
1808.5,2013-09-26
1796.5,2013-09-25
1800.5,2013-09-24
1818,2013-09-23
1817.5,2013-09-20
1832,2013-09-19
1784.5,2013-09-18
1777.5,2013-09-17
1785.5,2013-09-16
1795.5,2013-09-13
1793,2013-09-12
1805.5,2013-09-11
1808,2013-09-10
1816.5,2013-09-09
1829,2013-09-06
1799,2013-09-05
1796,2013-09-04
1819.5,2013-09-03
1814,2013-09-02
1817.5,2013-08-30
1845.5,2013-08-29
1876.5,2013-08-28
1879,2013-08-27
1881.5,2013-08-23
1904.5,2013-08-22
1902,2013-08-21
1905.5,2013-08-20
1931.5,2013-08-19
1926,2013-08-16
1891.5,2013-08-15
1884,2013-08-14
1887,2013-08-13
1880.5,2013-08-12
1866.5,2013-08-09
1829,2013-08-08
1778.5,2013-08-07
1798.5,2013-08-06
1801.5,2013-08-05
1817.5,2013-08-02
1822,2013-08-01
1804,2013-07-31
1777,2013-07-30
1795,2013-07-29
1795,2013-07-26
1824,2013-07-25
1851,2013-07-24
1846,2013-07-23
1848,2013-07-22
1826,2013-07-19
1806,2013-07-18
1803.5,2013-07-17
1808,2013-07-16
1804.5,2013-07-15
1845,2013-07-12
1835,2013-07-11
1818,2013-07-10
1791,2013-07-09
1804,2013-07-08
1768.5,2013-07-05
1812,2013-07-04
1808,2013-07-03
1832.5,2013-07-02
1827.5,2013-07-01
1776,2013-06-28
1764.5,2013-06-27
1779.5,2013-06-26
1790,2013-06-25
1776,2013-06-24
1793,2013-06-21
1794.5,2013-06-20
1837,2013-06-19
1838,2013-06-18
1837,2013-06-17
1855.5,2013-06-14
1856,2013-06-13
1881.5,2013-06-12
1888,2013-06-11
1924,2013-06-10
1968.5,2013-06-07
1957.5,2013-06-06
1967.5,2013-06-05
1930.5,2013-06-04
1919.5,2013-06-03
1905,2013-05-31
1890,2013-05-30
1857.5,2013-05-29
1844,2013-05-28
1847.5,2013-05-24
1858,2013-05-23
1871,2013-05-22
1868,2013-05-21
1846,2013-05-20
1863.5,2013-05-17
1834.5,2013-05-16
1835,2013-05-15
1853,2013-05-14
1855.5,2013-05-13
1875,2013-05-10
1897,2013-05-09
1913.5,2013-05-08
1877,2013-05-07
1861.5,2013-05-03
1837,2013-05-02
1828.5,2013-05-01
1886.5,2013-04-30
1881.5,2013-04-29
1922.5,2013-04-26
1915.5,2013-04-25
1902,2013-04-24
1888.5,2013-04-23
1873,2013-04-22
1900.5,2013-04-19
1901,2013-04-18
1888,2013-04-17
1892.5,2013-04-16
1842,2013-04-15
1877,2013-04-12
1890,2013-04-11
1913,2013-04-10
1896,2013-04-09
1900,2013-04-08
1875,2013-04-05
1862.5,2013-04-04
1878,2013-04-03
1892.5,2013-04-02
1910.5,2013-03-28
1900.5,2013-03-27
1927.5,2013-03-26
1932,2013-03-25
1938.5,2013-03-22
1937,2013-03-21
1944,2013-03-20
1946,2013-03-19
1938.5,2013-03-18
1985,2013-03-15
1978.5,2013-03-14
1988.5,2013-03-13
1979,2013-03-12
1940.5,2013-03-11
1968.5,2013-03-08
1956,2013-03-07
1969.5,2013-03-06
1985,2013-03-05
1973,2013-03-04
1962,2013-03-01
2005,2013-02-28
2017,2013-02-27
2014.5,2013-02-26
2050,2013-02-25
2065,2013-02-22
2086.5,2013-02-21
2110,2013-02-20
2115,2013-02-19
2131,2013-02-18
2165.5,2013-02-15
2160,2013-02-14
2130.5,2013-02-13
2100.5,2013-02-12
2117.5,2013-02-11
2105.5,2013-02-08
2105.5,2013-02-07
2095.5,2013-02-06
2117,2013-02-05
2118,2013-02-04
2092,2013-02-01
2111,2013-01-31
2085.5,2013-01-30
2035.5,2013-01-29
2046,2013-01-28
2077,2013-01-25
2065,2013-01-24
2085.5,2013-01-23
2046.5,2013-01-22
2040.5,2013-01-21
2057.5,2013-01-18
2040,2013-01-17
2033,2013-01-16
2041,2013-01-15
2103,2013-01-14
2117,2013-01-11
2109,2013-01-10
2094.5,2013-01-09
2062,2013-01-08
2041,2013-01-07
2089,2013-01-04
2145.5,2013-01-03
2128,2013-01-02
2071.5,2012-12-31
2066,2012-12-28
2082,2012-12-27
2092,2012-12-24
2073,2012-12-21
2070,2012-12-20
2105,2012-12-19
2099,2012-12-18
2111,2012-12-17
2120.5,2012-12-14
2123,2012-12-13
2132.5,2012-12-12
2134,2012-12-11
2104.5,2012-12-10
2077.5,2012-12-07
2109,2012-12-06
2092.5,2012-12-05
2104.5,2012-12-04
2103.5,2012-12-03
2080,2012-11-30
2050,2012-11-29
1998,2012-11-28
2016,2012-11-27
1992.5,2012-11-26
1949,2012-11-23
1935.5,2012-11-22
1947,2012-11-21
1972,2012-11-20
1946.5,2012-11-19
1942,2012-11-16
1954,2012-11-15
1988,2012-11-14
1961,2012-11-13
1949,2012-11-12
1907.5,2012-11-09
1921,2012-11-08
1928.5,2012-11-07
1914,2012-11-06
1909.5,2012-11-05
1960,2012-11-02
1932.5,2012-11-01
1913,2012-10-31
1913,2012-10-30
1901.5,2012-10-29
1926,2012-10-26
1936.5,2012-10-25
1933,2012-10-24
1942,2012-10-23
1963,2012-10-22
2001.5,2012-10-19
1999,2012-10-18
1962,2012-10-17
1962,2012-10-16
1974.5,2012-10-15
1997.5,2012-10-12
2020,2012-10-11
2021,2012-10-10
2071,2012-10-09
2075.5,2012-10-08
2111,2012-10-05
2116,2012-10-04
2097.5,2012-10-03
2132.5,2012-10-02
2099,2012-10-01
2126,2012-09-28
2096,2012-09-27
2076,2012-09-26
2096.5,2012-09-25
2077,2012-09-24
2108,2012-09-21
2111,2012-09-20
2140.5,2012-09-19
2154,2012-09-18
2168,2012-09-17
2175.5,2012-09-14
2085.5,2012-09-13
2080.5,2012-09-12
2065.5,2012-09-11
2038,2012-09-10
1995,2012-09-07
1975.5,2012-09-06
1940.5,2012-09-05
1948.5,2012-09-04
1899,2012-09-03
1870,2012-08-31
1891,2012-08-30
1896.5,2012-08-29
1911,2012-08-28
1901.5,2012-08-24
1889.5,2012-08-23
1869.5,2012-08-22
1854,2012-08-21
1836,2012-08-20
1852,2012-08-17
1831,2012-08-16
1845.5,2012-08-15
1856,2012-08-14
1867,2012-08-13
1878,2012-08-10
1903.5,2012-08-09
1908,2012-08-08
1898.5,2012-08-07
1862.5,2012-08-06
1841,2012-08-03
1855,2012-08-02
1877.5,2012-08-01
1900.5,2012-07-31
1886.5,2012-07-30
1894,2012-07-27
1898,2012-07-26
1881,2012-07-25
1872,2012-07-24
1861,2012-07-23
1913.5,2012-07-20
1934.5,2012-07-19
1895.5,2012-07-18
1917.5,2012-07-17
1893,2012-07-16
1892,2012-07-13
1871,2012-07-12
1907.5,2012-07-11
1923.5,2012-07-10
1903.5,2012-07-09
1920,2012-07-06
1948,2012-07-05
1966,2012-07-04
1949,2012-07-03
1902,2012-07-02
1867.5,2012-06-29
1872.5,2012-06-28
1849.5,2012-06-27
1851.5,2012-06-26
1859,2012-06-25
1864.5,2012-06-22
1883.5,2012-06-21
1920.5,2012-06-20
1920.5,2012-06-19
1921.5,2012-06-18
1951.5,2012-06-15
1965,2012-06-14
1962,2012-06-13
1965.5,2012-06-12
1982,2012-06-11
1973.5,2012-06-08
1986.5,2012-06-07
1985,2012-06-06
1979.5,2012-06-01
2014,2012-05-31
1997,2012-05-30
2020,2012-05-29
2022,2012-05-28
2019.5,2012-05-25
2008.5,2012-05-24
2015.5,2012-05-23
2038.5,2012-05-22
2045.5,2012-05-21
2056.5,2012-05-18
2034,2012-05-17
2034.5,2012-05-16
2021,2012-05-15
2022,2012-05-14
2031.5,2012-05-11
2046,2012-05-10
2027,2012-05-09
2063.5,2012-05-08
2088.5,2012-05-04
2088.5,2012-05-03
2108,2012-05-02
2107,2012-05-01
2098,2012-04-30
2109.5,2012-04-27
2081,2012-04-26
2080.5,2012-04-25
2070,2012-04-24
2054.5,2012-04-23
2077,2012-04-20
2057,2012-04-19
2069,2012-04-18
2088,2012-04-17
2068.5,2012-04-16
2088.5,2012-04-13
2109.5,2012-04-12
2075,2012-04-11
2090,2012-04-10
2091,2012-04-05
2099.5,2012-04-04
2126,2012-04-03
2121.5,2012-04-02
2140.5,2012-03-30
2146.5,2012-03-29
2180,2012-03-28
2175,2012-03-27
2175.5,2012-03-26
2172.5,2012-03-23
2181.5,2012-03-22
2233.5,2012-03-21
2239,2012-03-20
2265,2012-03-19
2266,2012-03-16
2237.5,2012-03-15
2242,2012-03-14
2231,2012-03-13
2211,2012-03-12
2207.5,2012-03-09
2214.5,2012-03-08
2220.5,2012-03-07
2248,2012-03-06
2296,2012-03-05
2335.5,2012-03-02
2333,2012-03-01
2341.5,2012-02-29
2349,2012-02-28
2309.5,2012-02-27
2293.5,2012-02-24
2273,2012-02-23
2253,2012-02-22
2220,2012-02-21
2178.5,2012-02-20
2166.5,2012-02-17
2164,2012-02-16
2217,2012-02-15
2207,2012-02-14
2247,2012-02-13
2258.5,2012-02-10
2277,2012-02-09
2277,2012-02-08
2216,2012-02-07
2218,2012-02-06
2201.5,2012-02-03
2241,2012-02-02
2256,2012-02-01
2299,2012-01-31
2244,2012-01-30
2278,2012-01-27
2263,2012-01-26
2228,2012-01-25
2225.5,2012-01-24
2229.5,2012-01-23
2222,2012-01-20
2218,2012-01-19
2212.5,2012-01-18
2211,2012-01-17
2150.5,2012-01-16
2140,2012-01-13
2189,2012-01-12
2162,2012-01-11
2155,2012-01-10
2079.5,2012-01-09
2039,2012-01-06
2028.5,2012-01-05
2068.5,2012-01-04
2035,2012-01-03
1992,2011-12-30
1985,2011-12-29
1995,2011-12-28
2019,2011-12-23
1986,2011-12-22
1981,2011-12-21
1990,2011-12-20
1962,2011-12-19
2009.5,2011-12-16
1986,2011-12-15
1974.5,2011-12-14
2023,2011-12-13
2030.5,2011-12-12
2069,2011-12-09
2070,2011-12-08
2109,2011-12-07
2105,2011-12-06
2107,2011-12-05
2143.5,2011-12-02
2110,2011-12-01
1988,2011-11-30
2006,2011-11-29
2019,2011-11-28
2002,2011-11-25
2024.5,2011-11-24
2019,2011-11-23
2083,2011-11-22
2098.5,2011-11-21
2107,2011-11-18
2105.5,2011-11-17
2118.5,2011-11-16
2138,2011-11-15
2160,2011-11-14
2136.5,2011-11-11
2134.5,2011-11-10
2127.5,2011-11-09
2111.5,2011-11-08
2142,2011-11-07
2154,2011-11-04
2146,2011-11-03
2124.5,2011-11-02
2121.5,2011-11-01
2209,2011-10-31
2241.5,2011-10-28
2254,2011-10-27
2219,2011-10-26
2221,2011-10-25
2181,2011-10-24
2137,2011-10-21
2148,2011-10-20
2196,2011-10-19
2183.5,2011-10-18
2227,2011-10-17
2201.5,2011-10-14
2209.5,2011-10-13
2240,2011-10-12
2224.5,2011-10-11
2221.5,2011-10-10
2212.5,2011-10-07
2203,2011-10-06
2165,2011-10-05
2171,2011-10-04
2159,2011-10-03
2243,2011-09-30
2222.5,2011-09-29
2243.5,2011-09-28
2231.5,2011-09-27
2221,2011-09-26
2205.5,2011-09-23
2264.5,2011-09-22
2301,2011-09-21
2341,2011-09-20
2348,2011-09-19
2385,2011-09-16
2375,2011-09-15
2366.5,2011-09-14
2386,2011-09-13
2355.5,2011-09-12
2380,2011-09-09
2404.5,2011-09-08
2390.5,2011-09-07
2385,2011-09-06
2398,2011-09-05
2438.5,2011-09-02
2437,2011-09-01
2442,2011-08-31
2393.5,2011-08-30
2368,2011-08-26
2369.5,2011-08-25
2360,2011-08-24
2359,2011-08-23
2363,2011-08-22
2345.5,2011-08-19
2405,2011-08-18
2384,2011-08-17
2374,2011-08-16
2384,2011-08-15
2413,2011-08-12
2403,2011-08-11
2436,2011-08-10
2421,2011-08-09
2433.5,2011-08-08
2457,2011-08-05
2504,2011-08-04
2556,2011-08-03
2575,2011-08-02
2634,2011-08-01
2608.5,2011-07-29
2633,2011-07-28
2647.5,2011-07-27
2639,2011-07-26
2604,2011-07-25
2578,2011-07-22
2504,2011-07-21
2549,2011-07-20
2513,2011-07-19
2475,2011-07-18
2484,2011-07-15
2507,2011-07-14
2480.5,2011-07-13
2478,2011-07-12
2481,2011-07-11
2576,2011-07-08
2560,2011-07-07
2554.5,2011-07-06
2517.5,2011-07-05
2490,2011-07-04
2514,2011-07-01
2539,2011-06-30
2523,2011-06-29
2512,2011-06-28
2499.5,2011-06-27
2498,2011-06-24
2511,2011-06-23
2539,2011-06-22
2554,2011-06-21
2524,2011-06-20
2550.5,2011-06-17
2543,2011-06-16
2611,2011-06-15
2608,2011-06-14
2593.5,2011-06-13
2631,2011-06-10
2649,2011-06-09
2670,2011-06-08
2687,2011-06-07
2646,2011-06-06
2629,2011-06-03
2654.5,2011-06-02
2670.5,2011-06-01
2654.5,2011-05-31
2607.5,2011-05-27
2548,2011-05-26
2550.5,2011-05-25
2515,2011-05-24
2480,2011-05-23
2511,2011-05-20
2540,2011-05-19
2528,2011-05-18
2525,2011-05-17
2538.5,2011-05-16
2627,2011-05-13
2587.5,2011-05-12
2614.5,2011-05-11
2650,2011-05-10
2615,2011-05-09
2615,2011-05-06
2686,2011-05-05
2770,2011-05-04
2753,2011-05-03
2774,2011-04-28
2749.5,2011-04-27
2721.5,2011-04-26
2739.5,2011-04-21
2731,2011-04-20
2680,2011-04-19
2677.5,2011-04-18
2665,2011-04-15
2642,2011-04-14
2665,2011-04-13
2666,2011-04-12
2684,2011-04-11
2706,2011-04-08
2694,2011-04-07
2656,2011-04-06
2626.5,2011-04-05
2640.5,2011-04-04
2621,2011-04-01
2632,2011-03-31
2632,2011-03-30
2626,2011-03-29
2617,2011-03-28
2641,2011-03-25
2630,2011-03-24
2632,2011-03-23
2602,2011-03-22
2570.5,2011-03-21
2560.5,2011-03-18
2524,2011-03-17
2458,2011-03-16
2494,2011-03-15
2558,2011-03-14
2545,2011-03-11
2587,2011-03-10
2579,2011-03-09
2597,2011-03-08
2558,2011-03-07
2600,2011-03-04
2612,2011-03-03
2603,2011-03-02
2610.5,2011-03-01
2600,2011-02-28
2566,2011-02-25
2541,2011-02-24
2531,2011-02-23
2528,2011-02-22
2580,2011-02-21
2569,2011-02-18
2513,2011-02-17
2505,2011-02-16
2505,2011-02-15
2515,2011-02-14
2496,2011-02-11
2537.5,2011-02-10
2545,2011-02-09
2567,2011-02-08
2550,2011-02-07
2541,2011-02-04
2529,2011-02-03
2525,2011-02-02
2551,2011-02-01
2521,2011-01-31
2473,2011-01-28
2428,2011-01-27
2388,2011-01-26
2361,2011-01-25
2413.5,2011-01-24
2420,2011-01-21
2409,2011-01-20
2431,2011-01-19
2450,2011-01-18
2435,2011-01-17
2472,2011-01-14
2485,2011-01-13
2506,2011-01-12
2497,2011-01-11
2488,2011-01-10
2518,2011-01-07
2519,2011-01-06
2465,2011-01-05
2485,2011-01-04
2484.15,2010-12-31
2454,2010-12-30
2455,2010-12-29
2412,2010-12-24
2433,2010-12-23
2463,2010-12-22
2435.5,2010-12-21
2379,2010-12-20
2335,2010-12-17
2319,2010-12-16
2322,2010-12-15
2351,2010-12-14
2335,2010-12-13
2309,2010-12-10
2340,2010-12-09
2374,2010-12-08
2305,2010-12-07
2310,2010-12-06
2320,2010-12-03
2349,2010-12-02
2341,2010-12-01
2276,2010-11-30
2271,2010-11-29
2270,2010-11-26
2282,2010-11-25
2259,2010-11-24
2255,2010-11-23
2289,2010-11-22
2262,2010-11-19
2309,2010-11-18
2276,2010-11-17
2383,2010-11-16
2400,2010-11-15
2404,2010-11-12
2458,2010-11-11
2448,2010-11-10
2470,2010-11-09
2430,2010-11-08
2453,2010-11-05
2458,2010-11-04
2419,2010-11-03
2432,2010-11-02
2372,2010-11-01
2344,2010-10-29
2347.5,2010-10-28
2324,2010-10-27
2390,2010-10-26
2374,2010-10-25
2370,2010-10-22
2350,2010-10-21
2363,2010-10-20
2356,2010-10-19
2411,2010-10-18
2378,2010-10-15
2413,2010-10-14
2417,2010-10-13
2437,2010-10-12
2400,2010-10-11
2421,2010-10-08
2327,2010-10-07
2366,2010-10-06
2380,2010-10-05
2363,2010-10-04
2359,2010-10-01
2351,2010-09-30
2342,2010-09-29
2309,2010-09-28
2293,2010-09-27
2318,2010-09-24
2293,2010-09-23
2236,2010-09-22
2175,2010-09-21
2195,2010-09-20
2183,2010-09-17
2166,2010-09-16
2155,2010-09-15
2161,2010-09-14
2131,2010-09-13
2101,2010-09-10
2106,2010-09-09
2161,2010-09-08
2165,2010-09-07
2195,2010-09-06
2147,2010-09-03
2145,2010-09-02
2108,2010-09-01
2058,2010-08-31
2058,2010-08-27
2023,2010-08-26
2003.2,2010-08-25
2028.2,2010-08-24
2040,2010-08-23
2039.85,2010-08-20
2066,2010-08-19
2105,2010-08-18
2141,2010-08-17
2118,2010-08-16
2110,2010-08-13
2163.5,2010-08-12
2142,2010-08-11
2170,2010-08-10
2183,2010-08-09
2191,2010-08-06
2208.75,2010-08-05
2228,2010-08-04
2196,2010-08-03
2217,2010-08-02
2160,2010-07-30
2093,2010-07-29
2068,2010-07-28
2056,2010-07-27
2056,2010-07-26
2030,2010-07-23
2044,2010-07-22
2008,2010-07-21
1971,2010-07-20
1972,2010-07-19
1978,2010-07-16
2016,2010-07-15
2009,2010-07-14
1994,2010-07-13
1971,2010-07-12
2000,2010-07-09
1989,2010-07-08
1986,2010-07-07
1985,2010-07-06
1937,2010-07-05
1936.5,2010-07-02
1940,2010-07-01
1986.75,2010-06-30
1947,2010-06-29
2028.8,2010-06-28
2004,2010-06-25
1965,2010-06-24
1941,2010-06-23
1959,2010-06-22
1961,2010-06-21
1944,2010-06-18
1966,2010-06-17
2000,2010-06-16
2012,2010-06-15
1994,2010-06-14
1945,2010-06-11
1949,2010-06-10
1928,2010-06-09
1920,2010-06-08
1867.5,2010-06-07
1881,2010-06-04
1951,2010-06-03
1987,2010-06-02
1990.5,2010-06-01
2043,2010-05-28
2065,2010-05-27
2023,2010-05-26
2017,2010-05-25
2084,2010-05-24
2055,2010-05-21
1992,2010-05-20
2002,2010-05-19
2037,2010-05-18
1990,2010-05-17
2086,2010-05-14
2170,2010-05-13
2121,2010-05-12
2105,2010-05-11
2147,2010-05-10
2072.5,2010-05-07
2087.25,2010-05-06
2121,2010-05-05
2162.75,2010-05-04
2250,2010-04-30
2200,2010-04-29
2217,2010-04-28
2257.85,2010-04-27
2310,2010-04-26
2334,2010-04-23
2320,2010-04-22
2351,2010-04-21
2385,2010-04-20
2378,2010-04-19
2435,2010-04-16
2470.25,2010-04-15
2462,2010-04-14
2436,2010-04-13
2417,2010-04-12
2405,2010-04-09
2358.5,2010-04-08
2357,2010-04-07
2365,2010-04-06
2355,2010-04-01
2323.25,2010-03-31
2294,2010-03-30
2282,2010-03-29
2220,2010-03-26
2219,2010-03-25
2194.25,2010-03-24
2258,2010-03-23
2255,2010-03-22
2258,2010-03-19
2276,2010-03-18
2295,2010-03-17
2258,2010-03-16
2227,2010-03-15
2260,2010-03-12
2235,2010-03-11
2225,2010-03-10
2258,2010-03-09
2231,2010-03-08
2230,2010-03-05
2219,2010-03-04
2210,2010-03-03
2168,2010-03-02
2135,2010-03-01
2134,2010-02-26
2086,2010-02-25
2137,2010-02-24
2116.9,2010-02-23
2151,2010-02-22
2139,2010-02-19
2114,2010-02-18
2122,2010-02-17
2131,2010-02-16
2057.15,2010-02-15
2055,2010-02-12
2056,2010-02-11
2035,2010-02-10
2055,2010-02-09
2007.75,2010-02-08
1969.85,2010-02-05
2044,2010-02-04
2083,2010-02-03
2120,2010-02-02
2095,2010-02-01
2079,2010-01-29
2108,2010-01-28
2180,2010-01-27
2220,2010-01-26
2242,2010-01-25
2244,2010-01-22
2239,2010-01-21
2267,2010-01-20
2293.5,2010-01-19
2303.5,2010-01-18
2306,2010-01-15
2335,2010-01-14
2309,2010-01-13
2286.85,2010-01-12
2334,2010-01-11
2284,2010-01-08
2310,2010-01-07
2370,2010-01-06
2299,2010-01-05
2267,2010-01-04
2230,2009-12-31
2242,2009-12-30
2273,2009-12-29
2255,2009-12-24
2256,2009-12-23
2242,2009-12-22
2269,2009-12-21
2238,2009-12-18
2217,2009-12-17
2276,2009-12-16
2234,2009-12-15
2258,2009-12-14
2270,2009-12-11
2203,2009-12-10
2212,2009-12-09
2163,2009-12-08
2158,2009-12-07
2148,2009-12-04
2133,2009-12-03
2145,2009-12-02
2102,2009-12-01
2064,2009-11-30
2016,2009-11-27
2009,2009-11-26
2047,2009-11-25
2024,2009-11-24
2037,2009-11-23
2048,2009-11-20
2031,2009-11-19
2055,2009-11-18
2042,2009-11-17
2026,2009-11-16
1946,2009-11-13
1948,2009-11-12
1965,2009-11-11
1959,2009-11-10
1947.75,2009-11-09
1910,2009-11-06
1925,2009-11-05
1915,2009-11-04
1913.5,2009-11-03
1914,2009-11-02
1903.75,2009-10-30
1951,2009-10-29
1912,2009-10-28
1982.75,2009-10-27
1998,2009-10-26
1972,2009-10-23
1960,2009-10-22
1967,2009-10-21
1914,2009-10-20
1956,2009-10-19
1905,2009-10-16
1916,2009-10-15
1912,2009-10-14
1907,2009-10-13
1947,2009-10-12
1909,2009-10-09
1910,2009-10-08
1835,2009-10-07
1822,2009-10-06
1805,2009-10-05
1804,2009-10-02
1858,2009-10-01
1890,2009-09-30
1852,2009-09-29
1833,2009-09-28
1815,2009-09-25
1839,2009-09-24
1873,2009-09-23
1889,2009-09-22
1875,2009-09-21
1917,2009-09-18
1961,2009-09-17
1927,2009-09-16
1867,2009-09-15
1834,2009-09-14
1845,2009-09-11
1854,2009-09-10
1890,2009-09-09
1894.25,2009-09-08
1866,2009-09-07
1850,2009-09-04
1860,2009-09-03
1846,2009-09-02
1845,2009-09-01
1899.5,2009-08-28
1884.75,2009-08-27
1866,2009-08-26
1900,2009-08-25
1927,2009-08-24
1928,2009-08-21
1906,2009-08-20
1950,2009-08-19
2005,2009-08-18
1960,2009-08-17
1990,2009-08-14
2059.75,2009-08-13
1985,2009-08-12
1930,2009-08-11
1969,2009-08-10
2020,2009-08-07
1990,2009-08-06
2070,2009-08-05
1999.75,2009-08-04
1970,2009-08-03
1899.75,2009-07-31
1876.75,2009-07-30
1795,2009-07-29
1824,2009-07-28
1826,2009-07-27
1807,2009-07-24
1785,2009-07-23
1745,2009-07-22
1703.75,2009-07-21
1711,2009-07-20
1709.75,2009-07-17
1695,2009-07-16
1651.75,2009-07-15
1605,2009-07-14
1561,2009-07-13
1575.75,2009-07-10
1585,2009-07-09
1550,2009-07-08
1618,2009-07-07
1617,2009-07-06
1601,2009-07-03
1640,2009-07-02
1663,2009-07-01
1630,2009-06-30
1640,2009-06-29
1644,2009-06-26
1677.25,2009-06-25
1660,2009-06-24
1605,2009-06-23
1574,2009-06-22
1680,2009-06-19
1640,2009-06-18
1622,2009-06-17
1610,2009-06-16
1610,2009-06-15
1644,2009-06-12
1694,2009-06-11
1635.75,2009-06-10
1663,2009-06-09
1611.75,2009-06-08
1572,2009-06-05
1553.75,2009-06-04
1484,2009-06-03
1470,2009-06-02
1485,2009-06-01
1433.75,2009-05-29
1415,2009-05-28
1405,2009-05-27
1453,2009-05-26
1442,2009-05-22
1450,2009-05-21
1493,2009-05-20
1500,2009-05-19
1520,2009-05-18
1522,2009-05-15
1521,2009-05-14
1527,2009-05-13
1547,2009-05-12
1539,2009-05-11
1544,2009-05-08
1567,2009-05-07
1570.5,2009-05-06
1544,2009-05-05
1539,2009-05-01
1494,2009-04-30
1457.5,2009-04-29
1436,2009-04-28
1446,2009-04-27
1457,2009-04-24
1446.75,2009-04-23
1468,2009-04-22
1458.5,2009-04-21
1440,2009-04-20
1486,2009-04-17
1482,2009-04-16
1515,2009-04-15
1513,2009-04-14
1535,2009-04-09
1490,2009-04-08
1475,2009-04-07
1465,2009-04-06
1480.75,2009-04-03
1430,2009-04-02
1385,2009-04-01
1392,2009-03-31
1394,2009-03-30
1420,2009-03-27
1445.75,2009-03-26
1417,2009-03-25
1412,2009-03-24
1445,2009-03-23
1459,2009-03-20
1463,2009-03-19
1399,2009-03-18
1364.75,2009-03-17
1358,2009-03-16
1347,2009-03-13
1340,2009-03-12
1339,2009-03-11
1322,2009-03-10
1299,2009-03-09
1310,2009-03-06
1312,2009-03-05
1360,2009-03-04
1315.5,2009-03-03
1318,2009-03-02
1342,2009-02-27
1364,2009-02-26
1349.5,2009-02-25
1329,2009-02-24
1288,2009-02-23
1305,2009-02-20
1350,2009-02-19
1336,2009-02-18
1330,2009-02-17
1348,2009-02-16
1377,2009-02-13
1376,2009-02-12
1401,2009-02-11
1399,2009-02-10
1445,2009-02-09
1468,2009-02-06
1433,2009-02-05
1439,2009-02-04
1405,2009-02-03
1390,2009-02-02
1349,2009-01-30
1366,2009-01-29
1366,2009-01-28
1340,2009-01-27
1383,2009-01-26
1342,2009-01-23
1330,2009-01-22
1335,2009-01-21
1388.75,2009-01-20
1423,2009-01-19
1465,2009-01-16
1480,2009-01-15
1495,2009-01-14
1515,2009-01-13
1516,2009-01-12
1570,2009-01-09
1553,2009-01-08
1594,2009-01-07
1622.25,2009-01-06
1550,2009-01-05
1570,2009-01-02
1540,2008-12-31
1495,2008-12-30
1511,2008-12-29
1537,2008-12-24
1560,2008-12-23
1558,2008-12-22
1516,2008-12-19
1487,2008-12-18
1510,2008-12-17
1480,2008-12-16
1495,2008-12-15
1500,2008-12-12
1563,2008-12-11
1526,2008-12-10
1511.85,2008-12-09
1520.5,2008-12-08
1515,2008-12-05
1586,2008-12-04
1616,2008-12-03
1700,2008-12-02
1735,2008-12-01
1772,2008-11-28
1791,2008-11-27
1800,2008-11-26
1810,2008-11-25
1801,2008-11-24
1760,2008-11-21
1785.75,2008-11-20
1877,2008-11-19
1917,2008-11-18
1890.25,2008-11-17
1928,2008-11-14
1919.5,2008-11-13
1925,2008-11-12
1978,2008-11-11
1985,2008-11-10
1960,2008-11-07
2039,2008-11-06
2091,2008-11-05
2109,2008-11-04
2048,2008-11-03
2040,2008-10-31
2060,2008-10-30
2132.75,2008-10-29
2110,2008-10-28
2039.75,2008-10-27
1971,2008-10-24
2007,2008-10-23
2005,2008-10-22
2076,2008-10-21
2131,2008-10-20
2217,2008-10-17
2179.75,2008-10-16
2165,2008-10-15
2282,2008-10-14
2250,2008-10-13
2215,2008-10-10
2302.75,2008-10-09
2263.25,2008-10-08
2293,2008-10-07
2248,2008-10-06
2334.75,2008-10-03
2301,2008-10-02
2416.25,2008-10-01
2425,2008-09-30
2441,2008-09-29
2490,2008-09-26
2509,2008-09-25
2503,2008-09-24
2510,2008-09-23
2557.75,2008-09-22
2544,2008-09-19
2495,2008-09-18
2500,2008-09-17
2544.75,2008-09-16
2567,2008-09-15
2657.75,2008-09-12
2620,2008-09-11
2628.75,2008-09-10
2603,2008-09-09
2650,2008-09-08
2647,2008-09-05
2678.75,2008-09-04
2675.5,2008-09-03
2695,2008-09-02
2705,2008-09-01
2718,2008-08-29
2730,2008-08-28
2765,2008-08-27
2768,2008-08-26
2785.25,2008-08-22
2850,2008-08-21
2763,2008-08-20
2780,2008-08-19
2755,2008-08-18
2780,2008-08-15
2776,2008-08-14
2810,2008-08-13
2772,2008-08-12
2833,2008-08-11
2855,2008-08-08
2905,2008-08-07
2907.75,2008-08-06
2904,2008-08-05
2886,2008-08-04
2934,2008-08-01
2979,2008-07-31
2960,2008-07-30
2960,2008-07-29
3016,2008-07-28
2969.5,2008-07-25
2965,2008-07-24
3006,2008-07-23
3035,2008-07-22
3045,2008-07-21
3038.15,2008-07-18
3127,2008-07-17
3123,2008-07-16
3213.75,2008-07-15
3306,2008-07-14
3329.75,2008-07-11
3271.75,2008-07-10
3190,2008-07-09
3145,2008-07-08
3310.75,2008-07-07
3160,2008-07-04
3184,2008-07-03
3221.75,2008-07-02
3155,2008-07-01
3114,2008-06-30
3123,2008-06-27
3089.75,2008-06-26
3058,2008-06-25
3089.75,2008-06-24
3141,2008-06-23
3140,2008-06-20
3073,2008-06-19
3085.75,2008-06-18
3040.75,2008-06-17
2968.75,2008-06-16
2948.75,2008-06-13
2950,2008-06-12
2960,2008-06-11
2955,2008-06-10
2952,2008-06-09
2957,2008-06-06
2909,2008-06-05
2875,2008-06-04
2925,2008-06-03
2929.5,2008-06-02
2931,2008-05-30
2880,2008-05-29
2965.75,2008-05-28
2997,2008-05-27
3001,2008-05-23
2995,2008-05-22
3020,2008-05-21
2995,2008-05-20
2995,2008-05-19
3040,2008-05-16
3010,2008-05-15
2938,2008-05-14
2945,2008-05-13
2934.75,2008-05-12
2885,2008-05-09
2875,2008-05-08
2920,2008-05-07
2972.5,2008-05-06
2920,2008-05-02
2840,2008-05-01
2906.85,2008-04-30
2964,2008-04-29
3005.75,2008-04-28
2995,2008-04-25
3003,2008-04-24
3096,2008-04-23
3085,2008-04-22
3040,2008-04-21
3075,2008-04-18
3060,2008-04-17
3069,2008-04-16
2999,2008-04-15
3045,2008-04-14
3090,2008-04-11
3076.75,2008-04-10
3109.75,2008-04-09
2986,2008-04-08
2998,2008-04-07
2962.75,2008-04-04
2910,2008-04-03
2935,2008-04-02
2959.5,2008-04-01
2990,2008-03-31
3015,2008-03-28
3030,2008-03-27
2950,2008-03-26
2905,2008-03-25
2843,2008-03-20
2920,2008-03-19
2995,2008-03-18
2948,2008-03-17
3088,2008-03-14
3115,2008-03-13
3124,2008-03-12
3040,2008-03-11
3138,2008-03-10
3227,2008-03-07
3208,2008-03-06
3209.75,2008-03-05
3109.85,2008-03-04
3136,2008-03-03
3106,2008-02-29
3144,2008-02-28
3091,2008-02-27
2976,2008-02-26
2902,2008-02-25
2919.85,2008-02-22
2945,2008-02-21
2884.75,2008-02-20
2872,2008-02-19
2825,2008-02-18
2820,2008-02-15
2806,2008-02-14
2691,2008-02-13
2654.15,2008-02-12
2690,2008-02-11
2695,2008-02-08
2698.85,2008-02-07
2643,2008-02-06
2623,2008-02-05
2665,2008-02-04
2655,2008-02-01
2709.8,2008-01-31
2648,2008-01-30
2639.75,2008-01-29
2512,2008-01-28
2520,2008-01-25
2463,2008-01-24
2415,2008-01-23
2433,2008-01-22
2410,2008-01-21
2450,2008-01-18
2439,2008-01-17
2469,2008-01-16
2485,2008-01-15
2548,2008-01-14
2514,2008-01-11
2490,2008-01-10
2492,2008-01-09
2505,2008-01-08
2468,2008-01-07
2466,2008-01-04
2510,2008-01-03
2438,2008-01-02
2402.75,2007-12-31
2418,2007-12-28
2416,2007-12-27
2424.5,2007-12-21
2412,2007-12-20
2430,2007-12-19
2411,2007-12-18
2412.25,2007-12-17
2415,2007-12-14
2416,2007-12-13
2457,2007-12-12
2465,2007-12-11
2461,2007-12-10
2481,2007-12-07
2448,2007-12-06
2465,2007-12-05
2467,2007-12-04
2460,2007-12-03
2500,2007-11-30
2504,2007-11-29
2510,2007-11-28
2508,2007-11-27
2510,2007-11-26
2495,2007-11-23
2500,2007-11-22
2521,2007-11-21
2544,2007-11-20
2515,2007-11-19
2550,2007-11-16
2569,2007-11-15
2613.75,2007-11-14
2577,2007-11-13
2570,2007-11-12
2610,2007-11-09
2630,2007-11-08
2623,2007-11-07
2635.75,2007-11-06
2610,2007-11-05
2622,2007-11-02
2541,2007-11-01
2545,2007-10-31
2520.75,2007-10-30
2525,2007-10-29
2538,2007-10-26
2513,2007-10-25
2495,2007-10-24
2522,2007-10-23
2527,2007-10-22
2552.75,2007-10-19
2542.75,2007-10-18
2510,2007-10-17
2500,2007-10-16
2493,2007-10-15
2505,2007-10-12
2470,2007-10-11
2466,2007-10-10
2423,2007-10-09
2387,2007-10-08
2430,2007-10-05
2423,2007-10-04
2482,2007-10-03
2487,2007-10-02
2527,2007-10-01
2512.75,2007-09-28
2498,2007-09-27
2468,2007-09-26
2456,2007-09-25
2409,2007-09-24
2407,2007-09-21
2442,2007-09-20
2484,2007-09-19
2407,2007-09-18
2395,2007-09-17
2430,2007-09-14
2480,2007-09-13
2440,2007-09-12
2458,2007-09-11
2424,2007-09-10
2447,2007-09-07
2470,2007-09-06
2445,2007-09-05
2462,2007-09-04
2478,2007-09-03
2544,2007-08-31
2530,2007-08-30
2528,2007-08-29
2526,2007-08-28
2579.75,2007-08-24
2532,2007-08-23
2515,2007-08-22
2486.75,2007-08-21
2477,2007-08-20
2495,2007-08-17
2465,2007-08-16
2543,2007-08-15
2552.75,2007-08-14
2593,2007-08-13
2588,2007-08-10
2602.2,2007-08-09
2648,2007-08-08
2665,2007-08-07
2652,2007-08-06
2640,2007-08-03
2720,2007-08-02
2739,2007-08-01
2750.25,2007-07-31
2758,2007-07-30
2755,2007-07-27
2736,2007-07-26
2770,2007-07-25
2825,2007-07-24
2824.75,2007-07-23
2854.75,2007-07-20
2835,2007-07-19
2785.75,2007-07-18
2799.75,2007-07-17
2794.92,2007-07-16
2792.15,2007-07-13
2807.7,2007-07-12
2834.15,2007-07-11
2807.15,2007-07-10
2808.75,2007-07-09
2812,2007-07-06
2788.75,2007-07-05
2783.85,2007-07-04
2743.75,2007-07-03
2757.85,2007-07-02
2725,2007-06-29
2740,2007-06-28
2700.25,2007-06-27
2691.25,2007-06-26
2715.15,2007-06-25
2697,2007-06-22
2710,2007-06-21
2727.75,2007-06-20
2708,2007-06-19
2711.75,2007-06-18
2743.75,2007-06-15
2729.85,2007-06-14
2718.25,2007-06-13
2698,2007-06-12
2724,2007-06-11
2698.2,2007-06-08
2735,2007-06-07
2807.75,2007-06-05
2814.75,2007-06-04
2787.85,2007-06-01
2784.85,2007-05-31
2760.15,2007-05-30
2764.92,2007-05-29
2789.85,2007-05-25
2769.75,2007-05-24
2820.85,2007-05-23
2839.85,2007-05-22
2861.75,2007-05-21
2850,2007-05-18
2827.75,2007-05-17
2844.75,2007-05-16
2854.75,2007-05-15
2829.8,2007-05-14
2880.15,2007-05-11
2838,2007-05-10
2886,2007-05-09
2901.75,2007-05-08
2889.85,2007-05-04
2850.15,2007-05-03
2826.8,2007-05-02
2847,2007-05-01
2860,2007-04-30
2852.8,2007-04-27
2810,2007-04-26
2827,2007-04-25
2838.75,2007-04-24
2858,2007-04-23
2842,2007-04-20
2845,2007-04-19
2880,2007-04-18
2892.65,2007-04-17
2822,2007-04-16
2817.85,2007-04-13
2835.2,2007-04-12
2867,2007-04-11
2874.85,2007-04-10
2850.5,2007-04-05
2878.8,2007-04-04
2847.75,2007-04-03
2755.2,2007-04-02
2782,2007-03-30
2782,2007-03-29
2740.15,2007-03-28
2754.75,2007-03-27
2720.25,2007-03-26
2762,2007-03-23
2779.8,2007-03-22
2750.2,2007-03-21
2777,2007-03-20
2812,2007-03-19
2814,2007-03-16
2770,2007-03-15
2715.15,2007-03-14
2732,2007-03-13
2769.85,2007-03-12
2718.25,2007-03-09
2734,2007-03-08
2729.75,2007-03-07
2689.75,2007-03-06
2680,2007-03-05
2742,2007-03-02
2795.15,2007-03-01
2820,2007-02-28
2879.85,2007-02-27
2892.25,2007-02-26
2878,2007-02-23
2799,2007-02-22
2755.25,2007-02-21
2737,2007-02-20
2780.15,2007-02-19
2795,2007-02-16
2815,2007-02-15
2818,2007-02-14
2811.75,2007-02-13
2707,2007-02-12
2709.75,2007-02-09
2698,2007-02-08
2655.15,2007-02-07
2705,2007-02-06
2702,2007-02-05
2719.85,2007-02-02
2750,2007-02-01
2728,2007-01-31
2696,2007-01-30
2710,2007-01-29
2790.15,2007-01-26
2789.85,2007-01-25
2836.75,2007-01-24
2815.15,2007-01-23
2718.5,2007-01-22
2717,2007-01-19
2695,2007-01-18
2678,2007-01-17
2681,2007-01-16
2690.15,2007-01-15
2701.75,2007-01-12
2735,2007-01-11
2710.15,2007-01-10
2655,2007-01-09
2610,2007-01-08
2624.5,2007-01-05
2700.15,2007-01-04
2740,2007-01-03
2785,2007-01-02
2803.15,2006-12-29
2830.15,2006-12-28
2815.25,2006-12-27
2799,2006-12-22
2768,2006-12-21
2773,2006-12-20
2805,2006-12-19
2787.75,2006-12-18
2803,2006-12-15
2864,2006-12-14
2800,2006-12-13
2807,2006-12-12
2800,2006-12-11
2825,2006-12-08
2817,2006-12-07
2782,2006-12-06
2840.15,2006-12-05
2812,2006-12-04
2818,2006-12-01
2730.2,2006-11-30
2699.85,2006-11-29
2704,2006-11-28
2700,2006-11-27
2718,2006-11-24
2688,2006-11-23
2665.25,2006-11-22
2675,2006-11-21
2648.15,2006-11-20
2625,2006-11-17
2669.25,2006-11-16
2699,2006-11-15
2684.85,2006-11-14
2714,2006-11-13
2717.85,2006-11-10
2830,2006-11-09
2717,2006-11-08
2792,2006-11-07
2798,2006-11-06
2787,2006-11-03
2755.2,2006-11-02
2734,2006-11-01
2790,2006-10-31
2818,2006-10-30
2805.25,2006-10-27
2761.75,2006-10-26
2768.75,2006-10-25
2704,2006-10-24
2710,2006-10-23
2726.85,2006-10-20
2740.75,2006-10-19
2710,2006-10-18
2674.15,2006-10-17
2678,2006-10-16
2650,2006-10-13
2589.85,2006-10-12
2595,2006-10-11
2585.25,2006-10-10
2620,2006-10-09
2590.25,2006-10-06
2541.15,2006-10-05
2475,2006-10-04
2549.75,2006-10-03
2571.85,2006-10-02
2583.75,2006-09-29
2604.75,2006-09-28
2530,2006-09-27
2534.15,2006-09-26
2521.85,2006-09-25
2549.85,2006-09-22
2549.75,2006-09-21
2454.85,2006-09-20
2464.85,2006-09-19
2464.75,2006-09-18
2435,2006-09-15
2460,2006-09-14
2474,2006-09-13
2462,2006-09-12
2495,2006-09-11
2637,2006-09-08
2650,2006-09-07
2634.85,2006-09-06
2572.85,2006-09-05
2489.8,2006-09-04
2492.15,2006-09-01
2505.15,2006-08-31
2484.75,2006-08-30
2472.75,2006-08-29
2483.75,2006-08-25
2485.15,2006-08-24
2483.15,2006-08-23
2484.85,2006-08-22
2480.15,2006-08-21
2488.25,2006-08-18
2447.15,2006-08-17
2500.85,2006-08-16
2494.75,2006-08-15
2481.15,2006-08-14
2535,2006-08-11
2549.85,2006-08-10
2587.25,2006-08-09
2576.75,2006-08-08
2555,2006-08-07
2540,2006-08-04
2498.85,2006-08-03
2551.75,2006-08-02
2535,2006-08-01
2570,2006-07-31
2527.85,2006-07-28
2518,2006-07-27
2465.25,2006-07-26
2509.75,2006-07-25
2510,2006-07-24
2460.15,2006-07-21
2523.5,2006-07-20
2560.15,2006-07-19
2535,2006-07-18
2569.85,2006-07-17
2630,2006-07-14
2604.85,2006-07-13
2704.75,2006-07-12
2607.75,2006-07-11
2555.25,2006-07-10
2577,2006-07-07
2597.75,2006-07-06
2499.5,2006-07-05
2585.25,2006-07-04
2608,2006-07-03
2630,2006-06-30
2555.15,2006-06-29
2482,2006-06-28
2484.85,2006-06-27
2535.15,2006-06-26
2449,2006-06-23
2498.75,2006-06-22
2500,2006-06-21
2478,2006-06-20
2485,2006-06-19
2527.15,2006-06-16
2569.75,2006-06-15
2500,2006-06-14
2439.15,2006-06-13
2500.15,2006-06-12
2500.25,2006-06-09
2505,2006-06-08
2594.85,2006-06-07
2538.15,2006-06-06
2581.15,2006-06-05
2645.15,2006-06-02
2610,2006-06-01
2740,2006-05-31
2703.25,2006-05-30
2799.85,2006-05-26
2754.85,2006-05-25
2775,2006-05-24
2864.75,2006-05-23
2759.85,2006-05-22
2715,2006-05-19
2870.15,2006-05-18
2899.75,2006-05-17
2969.75,2006-05-16
2952,2006-05-15
3099.5,2006-05-12
3182.35,2006-05-11
3094.25,2006-05-10
3010.25,2006-05-09
2928.15,2006-05-08
2925,2006-05-05
2848.15,2006-05-04
2770,2006-05-03
2790,2006-05-02
2795.25,2006-04-28
2740.15,2006-04-27
2829.75,2006-04-26
2793.71,2006-04-25
2730.25,2006-04-24
2775.75,2006-04-21
2680,2006-04-20
2682.15,2006-04-19
2712.15,2006-04-18
2607.15,2006-04-13
2609.15,2006-04-12
2564.35,2006-04-11
2575,2006-04-10
2540,2006-04-07
2592,2006-04-06
2514.75,2006-04-05
2459.85,2006-04-04
2530.25,2006-04-03
2435,2006-03-31
2536.65,2006-03-30
2524,2006-03-29
2543.15,2006-03-28
2560,2006-03-27
2542,2006-03-24
2533.5,2006-03-23
2471,2006-03-22
2475,2006-03-21
2485.25,2006-03-20
2517,2006-03-17
2468.85,2006-03-16
2467.85,2006-03-15
2459.75,2006-03-14
2399.85,2006-03-13
2380.75,2006-03-10
2374.35,2006-03-09
2341.75,2006-03-08
2342,2006-03-07
2425,2006-03-06
2493,2006-03-03
2415.85,2006-03-02
2374.85,2006-03-01
2420.15,2006-02-28
2365,2006-02-27
2426,2006-02-24
2380,2006-02-23
2423.35,2006-02-22
2424.5,2006-02-21
2369.8,2006-02-20
2304.85,2006-02-17
2332,2006-02-16
2339.85,2006-02-15
2484.75,2006-02-14
2470,2006-02-13
2647.75,2006-02-09
2604.41,2006-02-08
2634.75,2006-02-07
2661.85,2006-02-06
2632.75,2006-02-03
2604.25,2006-02-02
2577.65,2006-02-01
2516,2006-01-31
2511.75,2006-01-30
2486.65,2006-01-27
2469.75,2006-01-26
2493.65,2006-01-25
2448.65,2006-01-24
2430.75,2006-01-23
2392,2006-01-20
2415.75,2006-01-19
2417,2006-01-18
2386.15,2006-01-17
2407,2006-01-16
2411.85,2006-01-13
2366,2006-01-12
2370,2006-01-11
2343.85,2006-01-10
2323.75,2006-01-09
2307.85,2006-01-06
2300.15,2006-01-05
2320.85,2006-01-04
2280,2006-01-03
2288.35,2005-12-30
2281.75,2005-12-29
2273.75,2005-12-28
2276.2,2005-12-23
2245.35,2005-12-22
2234.15,2005-12-21
2224.75,2005-12-20
2224.85,2005-12-19
2238,2005-12-16
2220.65,2005-12-15
2254,2005-12-14
2247,2005-12-13
2232.15,2005-12-12
2265,2005-12-09
2239,2005-12-08
2240,2005-12-07
2219.85,2005-12-06
2215.15,2005-12-05
2190,2005-12-02
2200,2005-12-01
2139.15,2005-11-30
2126,2005-11-29
2109.75,2005-11-28
2105.15,2005-11-25
2084.75,2005-11-24
2059,2005-11-23
2044.15,2005-11-22
2055.25,2005-11-21
2040.85,2005-11-18
2005.15,2005-11-17
2010,2005-11-16
2007,2005-11-15
2046.75,2005-11-14
2054.75,2005-11-11
2027.75,2005-11-10
2017.85,2005-11-09
2011.75,2005-11-08
2015,2005-11-07
2025.75,2005-11-04
2008,2005-11-03
1996.75,2005-11-02
1972,2005-11-01
1985,2005-10-31
1941.15,2005-10-28
1969.85,2005-10-27
1942.25,2005-10-26
1967.85,2005-10-25
1942.25,2005-10-24
1893.75,2005-10-21
1977,2005-10-20
1975,2005-10-19
1991,2005-10-18
2001.25,2005-10-17
1947.85,2005-10-14
1925.25,2005-10-13
1955.25,2005-10-12
1930.15,2005-10-11
1912,2005-10-10
1909.15,2005-10-07
1889.5,2005-10-06
1874.75,2005-10-05
1860.15,2005-10-04
1860,2005-10-03
1854.19,2005-09-30
1870.75,2005-09-29
1854.25,2005-09-28
1859.75,2005-09-27
1879,2005-09-26
1861.75,2005-09-23
1858.25,2005-09-22
1854,2005-09-21
1814.75,2005-09-20
1824.5,2005-09-19
1797,2005-09-16
1835.15,2005-09-15
1850,2005-09-14
1860.75,2005-09-13
1858.75,2005-09-12
1841,2005-09-09
1827.15,2005-09-08
1854.75,2005-09-07
1861.75,2005-09-06
1861.15,2005-09-05
1874,2005-09-02
1874.85,2005-09-01
1855.15,2005-08-31
1873.15,2005-08-30
1892,2005-08-26
1869.85,2005-08-25
1887.85,2005-08-24
1919.85,2005-08-23
1917.85,2005-08-22
1893.65,2005-08-19
1896.25,2005-08-18
1883.15,2005-08-17
1939,2005-08-16
1926.85,2005-08-15
1917.75,2005-08-12
1913.15,2005-08-11
1874.75,2005-08-10
1842,2005-08-09
1868.75,2005-08-08
1889.85,2005-08-05
1882,2005-08-04
1899,2005-08-03
1884.75,2005-08-02
1875.75,2005-08-01
1858.15,2005-07-29
1862.75,2005-07-28
1848.75,2005-07-27
1821.85,2005-07-26
1825.25,2005-07-25
1833.85,2005-07-22
1839.25,2005-07-21
1832.25,2005-07-20
1824.75,2005-07-19
1818.5,2005-07-18
1841.75,2005-07-15
1849.15,2005-07-14
1819,2005-07-13
1790,2005-07-12
1810.75,2005-07-11
1784.75,2005-07-08
1729,2005-07-07
1737.75,2005-07-06
1704.85,2005-07-05
1695.15,2005-07-04
1687.85,2005-07-01
1714.85,2005-06-30
1737,2005-06-29
1724.15,2005-06-28
1741.25,2005-06-27
1751.75,2005-06-24
1746.85,2005-06-23
1779.85,2005-06-22
1775,2005-06-21
1797.85,2005-06-20
1777,2005-06-17
1746.85,2005-06-16
1734.75,2005-06-15
1710.15,2005-06-14
1702,2005-06-13
1714.75,2005-06-10
1735,2005-06-09
1731,2005-06-08
1763,2005-06-07
1772,2005-06-06
1788.85,2005-06-03
1774.25,2005-06-02
1747,2005-06-01
1742.75,2005-05-31
1745.25,2005-05-27
1753.65,2005-05-26
1749.75,2005-05-25
1740.75,2005-05-24
1731,2005-05-23
1722.25,2005-05-20
1739.85,2005-05-19
1736.15,2005-05-18
1734,2005-05-17
1716,2005-05-16
1715,2005-05-13
1744.85,2005-05-12
1763.85,2005-05-11
1774.15,2005-05-10
1783.15,2005-05-09
1774,2005-05-06
1772,2005-05-05
1770,2005-05-04
1792,2005-05-03
1805,2005-04-28
1803,2005-04-27
1818,2005-04-26
1829,2005-04-25
1863,2005-04-22
1855,2005-04-21
1885,2005-04-20
1872,2005-04-19
1855,2005-04-14
1894,2005-04-13
1950,2005-04-12
1973,2005-04-11
1947,2005-04-08
1953,2005-04-07
1950,2005-04-06
1929,2005-04-05
1938,2005-04-04
1931,2005-04-01
1957,2005-03-31
1938,2005-03-30
1938,2005-03-29
1933,2005-03-24
1926,2005-03-23
1973,2005-03-22
1967,2005-03-21
1992,2005-03-18
1990,2005-03-17
1990,2005-03-16
1999,2005-03-15
1976,2005-03-14
1986,2005-03-11
2004,2005-03-10
1997,2005-03-09
1983,2005-03-08
1953,2005-03-07
1953,2005-03-04
1932,2005-03-03
1892,2005-03-02
1911,2005-03-01
1912,2005-02-28
1912,2005-02-25
1971,2005-02-23
1968,2005-02-22
1929,2005-02-21
1923,2005-02-18
1913,2005-02-17
1876,2005-02-16
1857,2005-02-15
1818,2005-02-10
1809,2005-02-09
1811,2005-02-07
1820,2005-02-02
1840,2005-02-01
1848,2005-01-31
1829,2005-01-27
1802,2005-01-26
1832,2005-01-25
1845,2005-01-21
1832,2005-01-19
1826,2005-01-18
1822,2005-01-14
1825,2005-01-13
1840,2005-01-12
1829,2005-01-11
1808,2005-01-10
1809,2005-01-07
1810,2005-01-06
1804,2005-01-05
1800,2005-01-04
1970,2004-12-31
1958,2004-12-30
1899,2004-12-22
1880,2004-12-21
1826,2004-12-16
1823,2004-12-15
1808,2004-12-14
1781,2004-12-10
1785,2004-12-09
1809,2004-12-08
1829,2004-12-07
1796,2004-12-03
1838,2004-12-02
1836,2004-12-01
1843,2004-11-30
1855,2004-11-29
1820,2004-11-24
1788,2004-11-23
1775,2004-11-22
1786,2004-11-19
1820,2004-11-18
1816,2004-11-17
1797,2004-11-15
1801,2004-11-12
1773,2004-11-11
1798,2004-11-10
1791,2004-11-09
1804,2004-11-08
1831,2004-11-05
1811,2004-11-04
1804,2004-11-03
1792,2004-11-02
1800,2004-11-01
1762,2004-10-28
1766,2004-10-27
1746,2004-10-26
1742,2004-10-25
1738,2004-10-22
1750,2004-10-21
1760,2004-10-19
1715,2004-10-14
1715,2004-10-13
1843,2004-10-11
1860,2004-10-08
1876,2004-10-07
1861,2004-10-06
1828,2004-10-05
1818,2004-10-01
1840,2004-09-30
1806,2004-09-29
1810,2004-09-27
1806,2004-09-24
1802,2004-09-23
1801,2004-09-22
1802,2004-09-21
1746,2004-09-20
1723,2004-09-17
1706,2004-09-15
1671,2004-09-10
1670,2004-09-09
1669,2004-09-08
1678,2004-09-07
1665,2004-09-06
1660,2004-09-03
1684,2004-09-02
1694,2004-09-01
1697,2004-08-31
1697,2004-08-27
1700,2004-08-26
1696,2004-08-25
1715,2004-08-24
1709,2004-08-23
1733,2004-08-20
1732,2004-08-17
1690,2004-08-04
1700,2004-08-03
1682,2004-07-30
1681,2004-07-28
1667,2004-07-23
1697,2004-07-22
1717,2004-07-21
1718,2004-07-20
1735,2004-07-19
1728,2004-07-14
1739,2004-07-13
1724,2004-07-07
1703,2004-07-02
1714,2004-06-29
1725,2004-06-24
1709,2004-06-22
1695,2004-06-18
1680,2004-06-17
1661,2004-06-16
1634,2004-06-14
1669,2004-06-08
1679,2004-06-03
1682,2004-06-02
1655,2004-05-26
1644,2004-05-24
1630,2004-05-21
1615,2004-05-20
1582,2004-05-17
1605,2004-05-14
1613,2004-05-13
1615,2004-05-12
1592,2004-05-11
1560,2004-05-10
1647,2004-05-07
1665,2004-05-06
1674,2004-05-05
1669,2004-04-29
1678,2004-04-28
1717,2004-04-23
1701,2004-04-22
1720,2004-04-21
1825,2004-04-20
1806,2004-04-15
1788,2004-04-14
1746,2004-04-08
1742,2004-04-07
1738,2004-04-06
1728,2004-04-05
1750,2004-04-02
1745,2004-04-01
1682,2004-03-30
1679,2004-03-29
1650,2004-03-25
1653,2004-03-24
1680,2004-03-22
1683,2004-03-19
1663,2004-03-18
1690,2004-03-16
1665,2004-03-15
1687,2004-03-11
1642,2004-03-09
1676,2004-03-04
1715,2004-03-03
1732,2004-03-01
1743,2004-02-24
1745,2004-02-18
1695,2004-02-11
1678,2004-02-06
1662,2004-02-04
1655,2004-01-30
1643,2004-01-28
1633,2004-01-26
1636,2004-01-22
1624,2004-01-20
1628,2004-01-19
1617,2004-01-15
1626,2004-01-14
1600,2004-01-13
1618,2004-01-08
1602,2004-01-07
1575,2003-12-22
1575,2003-12-18
1574,2003-12-17
1571,2003-12-16
1558,2003-12-12
1549,2003-12-11
1560,2003-12-10
1560,2003-12-09
1557,2003-12-08
1560,2003-12-05
1555,2003-12-04
1561,2003-12-03
1563,2003-12-02
1543,2003-12-01
1526,2003-11-28
1515,2003-11-27
1510,2003-11-26
1508,2003-11-25
1509,2003-11-24
1500,2003-11-21
1509,2003-11-20
1515,2003-11-19
1507,2003-11-18
1500,2003-11-17
1537,2003-11-14
1527,2003-11-13
1517,2003-11-12
1511,2003-11-11
1495,2003-11-10
1505,2003-11-06
1512,2003-11-05
1525,2003-11-04
1525,2003-10-30
1495,2003-10-29
1494,2003-10-28
1483,2003-10-24
1486,2003-10-23
1504,2003-10-21
1518,2003-10-20
1506,2003-10-17
1506,2003-10-16
1486,2003-10-15
1486,2003-10-14
1491,2003-10-13
1484,2003-10-10
1486,2003-10-09
1463,2003-10-08
1430,2003-10-02
1422,2003-10-01
1419,2003-09-30
1422,2003-09-29
1429,2003-09-26
1438,2003-09-25
1439,2003-09-24
1428,2003-09-23
1440,2003-09-22
1424,2003-09-19
1417,2003-09-18
1412,2003-09-17
1420,2003-09-12
1389,2003-09-11
1384,2003-09-10
1428,2003-09-09
1436,2003-09-05
1452,2003-09-04
1448,2003-09-03
1423,2003-08-29
1410,2003-08-28
1422,2003-08-27
1441,2003-08-26
1433,2003-08-22
1430,2003-08-21
1440,2003-08-20
1425,2003-08-15
1421,2003-08-13
1420,2003-08-12
1412,2003-08-11
1423,2003-08-08
1429,2003-08-07
1430,2003-08-06
1434,2003-08-05
1438,2003-08-04
1463,2003-08-01
1461,2003-07-31
1451,2003-07-30
1443,2003-07-29
1436,2003-07-28
1437,2003-07-25
1445,2003-07-24
1402,2003-07-23
1393,2003-07-22
1405,2003-07-18
1408,2003-07-11
1412,2003-07-10
1407,2003-07-09
1396,2003-07-08
1390,2003-07-07
1378,2003-07-03
1371,2003-07-02
1361,2003-07-01
1357,2003-06-30
1377,2003-06-25
1369,2003-06-24
1371,2003-06-23
1388,2003-06-20
1400,2003-06-19
1374,2003-06-17
1369,2003-06-16
1375,2003-06-13
1367,2003-06-12
1387,2003-06-11
1383,2003-06-10
1415,2003-06-06
1423,2003-06-04
1428,2003-06-03
1419,2003-06-02
1405,2003-05-30
1405,2003-05-29
1402,2003-05-28
1405,2003-05-27
1406,2003-05-23
1408,2003-05-22
1412,2003-05-21
1408,2003-05-20
1406,2003-05-16
1411,2003-05-15
1400,2003-05-14
1404,2003-05-13
1405,2003-05-12
1398,2003-05-09
1400,2003-05-08
1392,2003-05-07
1375,2003-05-06
1361,2003-05-02
1365,2003-04-30
1356,2003-04-29
1363,2003-04-24
1358,2003-04-23
1366,2003-04-22
1371,2003-04-17
1357,2003-04-16
1344,2003-04-15
1336,2003-04-14
1325,2003-04-10
1331,2003-04-09
1333,2003-04-08
1328,2003-04-03
1336,2003-04-02
1346,2003-04-01
1342,2003-03-31
1345,2003-03-28
1345,2003-03-27
1381,2003-03-26
1381,2003-03-25
1380,2003-03-24
1390,2003-03-21
1391,2003-03-20
1391,2003-03-19
1380,2003-03-18
1391,2003-03-14
1405,2003-03-13
1403,2003-03-12
1411,2003-03-11
1395,2003-03-07
1390,2003-03-06
1403,2003-03-05
1410,2003-03-04
1417,2003-02-28
1437,2003-02-27
1432,2003-02-26
1417,2003-02-25
1415,2003-02-24
1405,2003-02-21
1388,2003-02-20
1381,2003-02-19
1385,2003-02-18
1376,2003-02-14
1401,2003-02-13
1410,2003-02-12
1426,2003-02-11
1419,2003-02-10
1394,2003-02-07
1406,2003-02-06
1410,2003-02-05
1412,2003-02-04
1422,2003-02-03
1416,2003-01-31
1432,2003-01-30
1424,2003-01-29
1410,2003-01-27
1414,2003-01-24
1404,2003-01-23
1401,2003-01-22
1379,2003-01-21
1383,2003-01-20
1371,2003-01-17
1385,2003-01-16
1365,2003-01-15
1356,2003-01-14
1350,2003-01-13
1358,2003-01-09
1345,2003-01-07
1343,2003-01-06
1350,2003-01-03
1334,2003-01-02
1365,2002-12-30
1369,2002-12-27
1374,2002-12-24
1372,2002-12-20
1370,2002-12-19
1378,2002-12-18
1383,2002-12-17
1390,2002-12-16
1394,2002-12-13
1375,2002-12-10
1372,2002-12-05
1389,2002-11-29
1387,2002-11-28
1385,2002-11-27
1367,2002-11-26
1386,2002-11-25
1385,2002-11-22
1393,2002-11-21
1382,2002-11-20
1376,2002-11-14
1382,2002-11-13
1391,2002-11-12
1378,2002-11-11
1376,2002-11-08
1382,2002-11-07
1374,2002-11-06
1366,2002-11-05
1373,2002-11-04
1352,2002-11-01
1348,2002-10-31
1336,2002-10-30
1333,2002-10-29
1348,2002-10-28
1338,2002-10-25
1326,2002-10-23