date,value
10/23/02,1326
10/25/02,1338
10/28/02,1348
10/29/02,1333
10/30/02,1336
10/31/02,1348
11/1/02,1352
11/4/02,1373
11/5/02,1366
11/6/02,1374
11/7/02,1382
11/8/02,1376
11/11/02,1378
11/12/02,1391
11/13/02,1382
11/14/02,1376
11/20/02,1382
11/21/02,1393
11/22/02,1385
11/25/02,1386
11/26/02,1367
11/27/02,1385
11/28/02,1387
11/29/02,1389
12/5/02,1372
12/10/02,1375
12/13/02,1394
12/16/02,1390
12/17/02,1383
12/18/02,1378
12/19/02,1370
12/20/02,1372
12/24/02,1374
12/27/02,1369
12/30/02,1365
1/2/03,1334
1/3/03,1350
1/6/03,1343
1/7/03,1345
1/9/03,1358
1/13/03,1350
1/14/03,1356
1/15/03,1365
1/16/03,1385
1/17/03,1371
1/20/03,1383
1/21/03,1379
1/22/03,1401
1/23/03,1404
1/24/03,1414
1/27/03,1410
1/29/03,1424
1/30/03,1432
1/31/03,1416
2/3/03,1422
2/4/03,1412
2/5/03,1410
2/6/03,1406
2/7/03,1394
2/10/03,1419
2/11/03,1426
2/12/03,1410
2/13/03,1401
2/14/03,1376
2/18/03,1385
2/19/03,1381
2/20/03,1388
2/21/03,1405
2/24/03,1415
2/25/03,1417
2/26/03,1432
2/27/03,1437
2/28/03,1417
3/4/03,1410
3/5/03,1403
3/6/03,1390
3/7/03,1395
3/11/03,1411
3/12/03,1403
3/13/03,1405
3/14/03,1391
3/18/03,1380
3/19/03,1391
3/20/03,1391
3/21/03,1390
3/24/03,1380
3/25/03,1381
3/26/03,1381
3/27/03,1345
3/28/03,1345
3/31/03,1342
4/1/03,1346
4/2/03,1336
4/3/03,1328
4/8/03,1333
4/9/03,1331
4/10/03,1325
4/14/03,1336
4/15/03,1344
4/16/03,1357
4/17/03,1371
4/22/03,1366
4/23/03,1358
4/24/03,1363
4/29/03,1356
4/30/03,1365
5/2/03,1361
5/6/03,1375
5/7/03,1392
5/8/03,1400
5/9/03,1398
5/12/03,1405
5/13/03,1404
5/14/03,1400
5/15/03,1411
5/16/03,1406
5/20/03,1408
5/21/03,1412
5/22/03,1408
5/23/03,1406
5/27/03,1405
5/28/03,1402
5/29/03,1405
5/30/03,1405
6/2/03,1419
6/3/03,1428
6/4/03,1423
6/6/03,1415
6/10/03,1383
6/11/03,1387
6/12/03,1367
6/13/03,1375
6/16/03,1369
6/17/03,1374
6/19/03,1400
6/20/03,1388
6/23/03,1371
6/24/03,1369
6/25/03,1377
6/30/03,1357
7/1/03,1361
7/2/03,1371
7/3/03,1378
7/7/03,1390
7/8/03,1396
7/9/03,1407
7/10/03,1412
7/11/03,1408
7/18/03,1405
7/22/03,1393
7/23/03,1402
7/24/03,1445
7/25/03,1437
7/28/03,1436
7/29/03,1443
7/30/03,1451
7/31/03,1461
8/1/03,1463
8/4/03,1438
8/5/03,1434
8/6/03,1430
8/7/03,1429
8/8/03,1423
8/11/03,1412
8/12/03,1420
8/13/03,1421
8/15/03,1425
8/20/03,1440
8/21/03,1430
8/22/03,1433
8/26/03,1441
8/27/03,1422
8/28/03,1410
8/29/03,1423
9/3/03,1448
9/4/03,1452
9/5/03,1436
9/9/03,1428
9/10/03,1384
9/11/03,1389
9/12/03,1420
9/17/03,1412
9/18/03,1417
9/19/03,1424
9/22/03,1440
9/23/03,1428
9/24/03,1439
9/25/03,1438
9/26/03,1429
9/29/03,1422
9/30/03,1419
10/1/03,1422
10/2/03,1430
10/8/03,1463
10/9/03,1486
10/10/03,1484
10/13/03,1491
10/14/03,1486
10/15/03,1486
10/16/03,1506
10/17/03,1506
10/20/03,1518
10/21/03,1504
10/23/03,1486
10/24/03,1483
10/28/03,1494
10/29/03,1495
10/30/03,1525
11/4/03,1525
11/5/03,1512
11/6/03,1505
11/10/03,1495
11/11/03,1511
11/12/03,1517
11/13/03,1527
11/14/03,1537
11/17/03,1500
11/18/03,1507
11/19/03,1515
11/20/03,1509
11/21/03,1500
11/24/03,1509
11/25/03,1508
11/26/03,1510
11/27/03,1515
11/28/03,1526
12/1/03,1543
12/2/03,1563
12/3/03,1561
12/4/03,1555
12/5/03,1560
12/8/03,1557
12/9/03,1560
12/10/03,1560
12/11/03,1549
12/12/03,1558
12/16/03,1571
12/17/03,1574
12/18/03,1575
12/22/03,1575
1/7/04,1602
1/8/04,1618
1/13/04,1600
1/14/04,1626
1/15/04,1617
1/19/04,1628
1/20/04,1624
1/22/04,1636
1/26/04,1633
1/28/04,1643
1/30/04,1655
2/4/04,1662
2/6/04,1678
2/11/04,1695
2/18/04,1745
2/24/04,1743
3/1/04,1732
3/3/04,1715
3/4/04,1676
3/9/04,1642
3/11/04,1687
3/15/04,1665
3/16/04,1690
3/18/04,1663
3/19/04,1683
3/22/04,1680
3/24/04,1653
3/25/04,1650
3/29/04,1679
3/30/04,1682
4/1/04,1745
4/2/04,1750
4/5/04,1728
4/6/04,1738
4/7/04,1742
4/8/04,1746
4/14/04,1788
4/15/04,1806
4/20/04,1825
4/21/04,1720
4/22/04,1701
4/23/04,1717
4/28/04,1678
4/29/04,1669
5/5/04,1674
5/6/04,1665
5/7/04,1647
5/10/04,1560
5/11/04,1592
5/12/04,1615
5/13/04,1613
5/14/04,1605
5/17/04,1582
5/20/04,1615
5/21/04,1630
5/24/04,1644
5/26/04,1655
6/2/04,1682
6/3/04,1679
6/8/04,1669
6/14/04,1634
6/16/04,1661
6/17/04,1680
6/18/04,1695
6/22/04,1709
6/24/04,1725
6/29/04,1714
7/2/04,1703
7/7/04,1724
7/13/04,1739
7/14/04,1728
7/19/04,1735
7/20/04,1718
7/21/04,1717
7/22/04,1697
7/23/04,1667
7/28/04,1681
7/30/04,1682
8/3/04,1700
8/4/04,1690
8/17/04,1732
8/20/04,1733
8/23/04,1709
8/24/04,1715
8/25/04,1696
8/26/04,1700
8/27/04,1697
8/31/04,1697
9/1/04,1694
9/2/04,1684
9/3/04,1660
9/6/04,1665
9/7/04,1678
9/8/04,1669
9/9/04,1670
9/10/04,1671
9/15/04,1706
9/17/04,1723
9/20/04,1746
9/21/04,1802
9/22/04,1801
9/23/04,1802
9/24/04,1806
9/27/04,1810
9/29/04,1806
9/30/04,1840
10/1/04,1818
10/5/04,1828
10/6/04,1861
10/7/04,1876
10/8/04,1860
10/11/04,1843
10/13/04,1715
10/14/04,1715
10/19/04,1760
10/21/04,1750
10/22/04,1738
10/25/04,1742
10/26/04,1746
10/27/04,1766
10/28/04,1762
11/1/04,1800
11/2/04,1792
11/3/04,1804
11/4/04,1811
11/5/04,1831
11/8/04,1804
11/9/04,1791
11/10/04,1798
11/11/04,1773
11/12/04,1801
11/15/04,1797
11/17/04,1816
11/18/04,1820
11/19/04,1786
11/22/04,1775
11/23/04,1788
11/24/04,1820
11/29/04,1855
11/30/04,1843
12/1/04,1836
12/2/04,1838
12/3/04,1796
12/7/04,1829
12/8/04,1809
12/9/04,1785
12/10/04,1781
12/14/04,1808
12/15/04,1823
12/16/04,1826
12/21/04,1880
12/22/04,1899
12/30/04,1958
12/31/04,1970
1/4/05,1800
1/5/05,1804
1/6/05,1810
1/7/05,1809
1/10/05,1808
1/11/05,1829
1/12/05,1840
1/13/05,1825
1/14/05,1822
1/18/05,1826
1/19/05,1832
1/21/05,1845
1/25/05,1832
1/26/05,1802
1/27/05,1829
1/31/05,1848
2/1/05,1840
2/2/05,1820
2/7/05,1811
2/9/05,1809
2/10/05,1818
2/15/05,1857
2/16/05,1876
2/17/05,1913
2/18/05,1923
2/21/05,1929
2/22/05,1968
2/23/05,1971
2/25/05,1912
2/28/05,1912
3/1/05,1911
3/2/05,1892
3/3/05,1932
3/4/05,1953
3/7/05,1953
3/8/05,1983
3/9/05,1997
3/10/05,2004
3/11/05,1986
3/14/05,1976
3/15/05,1999
3/16/05,1990
3/17/05,1990
3/18/05,1992
3/21/05,1967
3/22/05,1973
3/23/05,1926
3/24/05,1933
3/29/05,1938
3/30/05,1938
3/31/05,1957
4/1/05,1931
4/4/05,1938
4/5/05,1929
4/6/05,1950
4/7/05,1953
4/8/05,1947
4/11/05,1973
4/12/05,1950
4/13/05,1894
4/14/05,1855
4/19/05,1872
4/20/05,1885
4/21/05,1855
4/22/05,1863
4/25/05,1829
4/26/05,1818
4/27/05,1803
4/28/05,1805
5/3/05,1792
5/4/05,1770
5/5/05,1772
5/6/05,1774
5/9/05,1783.15
5/10/05,1774.15
5/11/05,1763.85
5/12/05,1744.85
5/13/05,1715
5/16/05,1716
5/17/05,1734
5/18/05,1736.15
5/19/05,1739.85
5/20/05,1722.25
5/23/05,1731
5/24/05,1740.75
5/25/05,1749.75
5/26/05,1753.65
5/27/05,1745.25
5/31/05,1742.75
6/1/05,1747
6/2/05,1774.25
6/3/05,1788.85
6/6/05,1772
6/7/05,1763
6/8/05,1731
6/9/05,1735
6/10/05,1714.75
6/13/05,1702
6/14/05,1710.15
6/15/05,1734.75
6/16/05,1746.85
6/17/05,1777
6/20/05,1797.85
6/21/05,1775
6/22/05,1779.85
6/23/05,1746.85
6/24/05,1751.75
6/27/05,1741.25
6/28/05,1724.15
6/29/05,1737
6/30/05,1714.85
7/1/05,1687.85
7/4/05,1695.15
7/5/05,1704.85
7/6/05,1737.75
7/7/05,1729
7/8/05,1784.75
7/11/05,1810.75
7/12/05,1790
7/13/05,1819
7/14/05,1849.15
7/15/05,1841.75
7/18/05,1818.5
7/19/05,1824.75
7/20/05,1832.25
7/21/05,1839.25
7/22/05,1833.85
7/25/05,1825.25
7/26/05,1821.85
7/27/05,1848.75
7/28/05,1862.75
7/29/05,1858.15
8/1/05,1875.75
8/2/05,1884.75
8/3/05,1899
8/4/05,1882
8/5/05,1889.85
8/8/05,1868.75
8/9/05,1842
8/10/05,1874.75
8/11/05,1913.15
8/12/05,1917.75
8/15/05,1926.85
8/16/05,1939
8/17/05,1883.15
8/18/05,1896.25
8/19/05,1893.65
8/22/05,1917.85
8/23/05,1919.85
8/24/05,1887.85
8/25/05,1869.85
8/26/05,1892
8/30/05,1873.15
8/31/05,1855.15
9/1/05,1874.85
9/2/05,1874
9/5/05,1861.15
9/6/05,1861.75
9/7/05,1854.75
9/8/05,1827.15
9/9/05,1841
9/12/05,1858.75
9/13/05,1860.75
9/14/05,1850
9/15/05,1835.15
9/16/05,1797
9/19/05,1824.5
9/20/05,1814.75
9/21/05,1854
9/22/05,1858.25
9/23/05,1861.75
9/26/05,1879
9/27/05,1859.75
9/28/05,1854.25
9/29/05,1870.75
9/30/05,1854.19
10/3/05,1860
10/4/05,1860.15
10/5/05,1874.75
10/6/05,1889.5
10/7/05,1909.15
10/10/05,1912
10/11/05,1930.15
10/12/05,1955.25
10/13/05,1925.25
10/14/05,1947.85
10/17/05,2001.25
10/18/05,1991
10/19/05,1975
10/20/05,1977
10/21/05,1893.75
10/24/05,1942.25
10/25/05,1967.85
10/26/05,1942.25
10/27/05,1969.85
10/28/05,1941.15
10/31/05,1985
11/1/05,1972
11/2/05,1996.75
11/3/05,2008
11/4/05,2025.75
11/7/05,2015
11/8/05,2011.75
11/9/05,2017.85
11/10/05,2027.75
11/11/05,2054.75
11/14/05,2046.75
11/15/05,2007
11/16/05,2010
11/17/05,2005.15
11/18/05,2040.85
11/21/05,2055.25
11/22/05,2044.15
11/23/05,2059
11/24/05,2084.75
11/25/05,2105.15
11/28/05,2109.75
11/29/05,2126
11/30/05,2139.15
12/1/05,2200
12/2/05,2190
12/5/05,2215.15
12/6/05,2219.85
12/7/05,2240
12/8/05,2239
12/9/05,2265
12/12/05,2232.15
12/13/05,2247
12/14/05,2254
12/15/05,2220.65
12/16/05,2238
12/19/05,2224.85
12/20/05,2224.75
12/21/05,2234.15
12/22/05,2245.35
12/23/05,2276.2
12/28/05,2273.75
12/29/05,2281.75
12/30/05,2288.35
1/3/06,2280
1/4/06,2320.85
1/5/06,2300.15
1/6/06,2307.85
1/9/06,2323.75
1/10/06,2343.85
1/11/06,2370
1/12/06,2366
1/13/06,2411.85
1/16/06,2407
1/17/06,2386.15
1/18/06,2417
1/19/06,2415.75
1/20/06,2392
1/23/06,2430.75
1/24/06,2448.65
1/25/06,2493.65
1/26/06,2469.75
1/27/06,2486.65
1/30/06,2511.75
1/31/06,2516
2/1/06,2577.65
2/2/06,2604.25
2/3/06,2632.75
2/6/06,2661.85
2/7/06,2634.75
2/8/06,2604.41
2/9/06,2647.75
2/13/06,2470
2/14/06,2484.75
2/15/06,2339.85
2/16/06,2332
2/17/06,2304.85
2/20/06,2369.8
2/21/06,2424.5
2/22/06,2423.35
2/23/06,2380
2/24/06,2426
2/27/06,2365
2/28/06,2420.15
3/1/06,2374.85
3/2/06,2415.85
3/3/06,2493
3/6/06,2425
3/7/06,2342
3/8/06,2341.75
3/9/06,2374.35
3/10/06,2380.75
3/13/06,2399.85
3/14/06,2459.75
3/15/06,2467.85
3/16/06,2468.85
3/17/06,2517
3/20/06,2485.25
3/21/06,2475
3/22/06,2471
3/23/06,2533.5
3/24/06,2542
3/27/06,2560
3/28/06,2543.15
3/29/06,2524
3/30/06,2536.65
3/31/06,2435
4/3/06,2530.25
4/4/06,2459.85
4/5/06,2514.75
4/6/06,2592
4/7/06,2540
4/10/06,2575
4/11/06,2564.35
4/12/06,2609.15
4/13/06,2607.15
4/18/06,2712.15
4/19/06,2682.15
4/20/06,2680
4/21/06,2775.75
4/24/06,2730.25
4/25/06,2793.71
4/26/06,2829.75
4/27/06,2740.15
4/28/06,2795.25
5/2/06,2790
5/3/06,2770
5/4/06,2848.15
5/5/06,2925
5/8/06,2928.15
5/9/06,3010.25
5/10/06,3094.25
5/11/06,3182.35
5/12/06,3099.5
5/15/06,2952
5/16/06,2969.75
5/17/06,2899.75
5/18/06,2870.15
5/19/06,2715
5/22/06,2759.85
5/23/06,2864.75
5/24/06,2775
5/25/06,2754.85
5/26/06,2799.85
5/30/06,2703.25
5/31/06,2740
6/1/06,2610
6/2/06,2645.15
6/5/06,2581.15
6/6/06,2538.15
6/7/06,2594.85
6/8/06,2505
6/9/06,2500.25
6/12/06,2500.15
6/13/06,2439.15
6/14/06,2500
6/15/06,2569.75
6/16/06,2527.15
6/19/06,2485
6/20/06,2478
6/21/06,2500
6/22/06,2498.75
6/23/06,2449
6/26/06,2535.15
6/27/06,2484.85
6/28/06,2482
6/29/06,2555.15
6/30/06,2630
7/3/06,2608
7/4/06,2585.25
7/5/06,2499.5
7/6/06,2597.75
7/7/06,2577
7/10/06,2555.25
7/11/06,2607.75
7/12/06,2704.75
7/13/06,2604.85
7/14/06,2630
7/17/06,2569.85
7/18/06,2535
7/19/06,2560.15
7/20/06,2523.5
7/21/06,2460.15
7/24/06,2510
7/25/06,2509.75
7/26/06,2465.25
7/27/06,2518
7/28/06,2527.85
7/31/06,2570
8/1/06,2535
8/2/06,2551.75
8/3/06,2498.85
8/4/06,2540
8/7/06,2555
8/8/06,2576.75
8/9/06,2587.25
8/10/06,2549.85
8/11/06,2535
8/14/06,2481.15
8/15/06,2494.75
8/16/06,2500.85
8/17/06,2447.15
8/18/06,2488.25
8/21/06,2480.15
8/22/06,2484.85
8/23/06,2483.15
8/24/06,2485.15
8/25/06,2483.75
8/29/06,2472.75
8/30/06,2484.75
8/31/06,2505.15
9/1/06,2492.15
9/4/06,2489.8
9/5/06,2572.85
9/6/06,2634.85
9/7/06,2650
9/8/06,2637
9/11/06,2495
9/12/06,2462
9/13/06,2474
9/14/06,2460
9/15/06,2435
9/18/06,2464.75
9/19/06,2464.85
9/20/06,2454.85
9/21/06,2549.75
9/22/06,2549.85
9/25/06,2521.85
9/26/06,2534.15
9/27/06,2530
9/28/06,2604.75
9/29/06,2583.75
10/2/06,2571.85
10/3/06,2549.75
10/4/06,2475
10/5/06,2541.15
10/6/06,2590.25
10/9/06,2620
10/10/06,2585.25
10/11/06,2595
10/12/06,2589.85
10/13/06,2650
10/16/06,2678
10/17/06,2674.15
10/18/06,2710
10/19/06,2740.75
10/20/06,2726.85
10/23/06,2710
10/24/06,2704
10/25/06,2768.75
10/26/06,2761.75
10/27/06,2805.25
10/30/06,2818
10/31/06,2790
11/1/06,2734
11/2/06,2755.2
11/3/06,2787
11/6/06,2798
11/7/06,2792
11/8/06,2717
11/9/06,2830
11/10/06,2717.85
11/13/06,2714
11/14/06,2684.85
11/15/06,2699
11/16/06,2669.25
11/17/06,2625
11/20/06,2648.15
11/21/06,2675
11/22/06,2665.25
11/23/06,2688
11/24/06,2718
11/27/06,2700
11/28/06,2704
11/29/06,2699.85
11/30/06,2730.2
12/1/06,2818
12/4/06,2812
12/5/06,2840.15
12/6/06,2782
12/7/06,2817
12/8/06,2825
12/11/06,2800
12/12/06,2807
12/13/06,2800
12/14/06,2864
12/15/06,2803
12/18/06,2787.75
12/19/06,2805
12/20/06,2773
12/21/06,2768
12/22/06,2799
12/27/06,2815.25
12/28/06,2830.15
12/29/06,2803.15
1/2/07,2785
1/3/07,2740
1/4/07,2700.15
1/5/07,2624.5
1/8/07,2610
1/9/07,2655
1/10/07,2710.15
1/11/07,2735
1/12/07,2701.75
1/15/07,2690.15
1/16/07,2681
1/17/07,2678
1/18/07,2695
1/19/07,2717
1/22/07,0
1/23/07,2815.15
1/24/07,2836.75
1/25/07,2789.85
1/26/07,2790.15
1/29/07,2710
1/30/07,2696
1/31/07,2728
2/1/07,2750
2/2/07,2719.85
2/5/07,2702
2/6/07,2705
2/7/07,2655.15
2/8/07,2698
2/9/07,2709.75
2/12/07,2707
2/13/07,2811.75
2/14/07,2818
2/15/07,2815
2/16/07,2795
2/19/07,2780.15
2/20/07,2737
2/21/07,2755.25
2/22/07,2799
2/23/07,2878
2/26/07,2892.25
2/27/07,2879.85
2/28/07,2820
3/1/07,2795.15
3/2/07,2742
3/5/07,2680
3/6/07,2689.75
3/7/07,2729.75
3/8/07,2734
3/9/07,2718.25
3/12/07,2769.85
3/13/07,2732
3/14/07,2715.15
3/15/07,2770
3/16/07,2814
3/19/07,2812
3/20/07,2777
3/21/07,2750.2
3/22/07,2779.8
3/23/07,2762
3/26/07,2720.25
3/27/07,2754.75
3/28/07,2740.15
3/29/07,2782
3/30/07,2782
4/2/07,2755.2
4/3/07,2847.75
4/4/07,2878.8
4/5/07,2850.5
4/10/07,2874.85
4/11/07,2867
4/12/07,2835.2
4/13/07,2817.85
4/16/07,2822
4/17/07,2892.65
4/18/07,2880
4/19/07,2845
4/20/07,2842
4/23/07,2858
4/24/07,2838.75
4/25/07,2827
4/26/07,2810
4/27/07,2852.8
4/30/07,2860
5/1/07,2847
5/2/07,2826.8
5/3/07,2850.15
5/4/07,2889.85
5/8/07,2901.75
5/9/07,2886
5/10/07,2838
5/11/07,2880.15
5/14/07,2829.8
5/15/07,2854.75
5/16/07,2844.75
5/17/07,2827.75
5/18/07,2850
5/21/07,2861.75
5/22/07,2839.85
5/23/07,2820.85
5/24/07,2769.75
5/25/07,2789.85
5/29/07,2764.92
5/30/07,2760.15
5/31/07,2784.85
6/1/07,2787.85
6/4/07,2814.75
6/5/07,2807.75
6/7/07,2735
6/8/07,2698.2
6/11/07,2724
6/12/07,2698
6/13/07,2718.25
6/14/07,2729.85
6/15/07,2743.75
6/18/07,2711.75
6/19/07,2708
6/20/07,2727.75
6/21/07,2710
6/22/07,2697
6/25/07,2715.15
6/26/07,2691.25
6/27/07,2700.25
6/28/07,2740
6/29/07,2725
7/2/07,2757.85
7/3/07,2743.75
7/4/07,2783.85
7/5/07,2788.75
7/6/07,2812
7/9/07,2808.75
7/10/07,2807.15
7/11/07,2834.15
7/12/07,2807.7
7/13/07,2792.15
7/16/07,2794.92
7/17/07,2799.75
7/18/07,2785.75
7/19/07,2835
7/20/07,2854.75
7/23/07,2824.75
7/24/07,2825
7/25/07,2770
7/26/07,2736
7/27/07,2755
7/30/07,2758
7/31/07,2750.25
8/1/07,2739
8/2/07,2720
8/3/07,2640
8/6/07,2652
8/7/07,2665
8/8/07,2648
8/9/07,2602.2
8/10/07,2588
8/13/07,2593
8/14/07,2552.75
8/15/07,2543
8/16/07,2465
8/17/07,2495
8/20/07,2477
8/21/07,2486.75
8/22/07,2515
8/23/07,2532
8/24/07,2579.75
8/28/07,2526
8/29/07,2528
8/30/07,2530
8/31/07,2544
9/3/07,2478
9/4/07,2462
9/5/07,2445
9/6/07,2470
9/7/07,2447
9/10/07,2424
9/11/07,2458
9/12/07,2440
9/13/07,2480
9/14/07,2430
9/17/07,2395
9/18/07,2407
9/19/07,2484
9/20/07,2442
9/21/07,2407
9/24/07,2409
9/25/07,2456
9/26/07,2468
9/27/07,2498
9/28/07,2512.75
10/1/07,2527
10/2/07,2487
10/3/07,2482
10/4/07,2423
10/5/07,2430
10/8/07,2387
10/9/07,2423
10/10/07,2466
10/11/07,2470
10/12/07,2505
10/15/07,2493
10/16/07,2500
10/17/07,2510
10/18/07,2542.75
10/19/07,2552.75
10/22/07,2527
10/23/07,2522
10/24/07,2495
10/25/07,2513
10/26/07,2538
10/29/07,2525
10/30/07,2520.75
10/31/07,2545
11/1/07,2541
11/2/07,2622
11/5/07,2610
11/6/07,2635.75
11/7/07,2623
11/8/07,2630
11/9/07,2610
11/12/07,2570
11/13/07,2577
11/14/07,2613.75
11/15/07,2569
11/16/07,2550
11/19/07,2515
11/20/07,2544
11/21/07,2521
11/22/07,2500
11/23/07,2495
11/26/07,2510
11/27/07,2508
11/28/07,2510
11/29/07,2504
11/30/07,2500
12/3/07,2460
12/4/07,2467
12/5/07,2465
12/6/07,2448
12/7/07,2481
12/10/07,2461
12/11/07,2465
12/12/07,2457
12/13/07,2416
12/14/07,2415
12/17/07,2412.25
12/18/07,2411
12/19/07,2430
12/20/07,2412
12/21/07,2424.5
12/27/07,2416
12/28/07,2418
12/31/07,2402.75
1/2/08,2438
1/3/08,2510
1/4/08,2466
1/7/08,2468
1/8/08,2505
1/9/08,2492
1/10/08,2490
1/11/08,2514
1/14/08,2548
1/15/08,2485
1/16/08,2469
1/17/08,2439
1/18/08,2450
1/21/08,2410
1/22/08,2433
1/23/08,2415
1/24/08,2463
1/25/08,2520
1/28/08,2512
1/29/08,2639.75
1/30/08,2648
1/31/08,2709.8
2/1/08,2655
2/4/08,2665
2/5/08,2623
2/6/08,2643
2/7/08,2698.85
2/8/08,2695
2/11/08,2690
2/12/08,2654.15
2/13/08,2691
2/14/08,2806
2/15/08,2820
2/18/08,2825
2/19/08,2872
2/20/08,2884.75
2/21/08,2945
2/22/08,2919.85
2/25/08,2902
2/26/08,2976
2/27/08,3091
2/28/08,3144
2/29/08,3106
3/3/08,3136
3/4/08,3109.85
3/5/08,3209.75
3/6/08,3208
3/7/08,3227
3/10/08,3138
3/11/08,3040
3/12/08,3124
3/13/08,3115
3/14/08,3088
3/17/08,2948
3/18/08,2995
3/19/08,2920
3/20/08,2843
3/25/08,2905
3/26/08,2950
3/27/08,3030
3/28/08,3015
3/31/08,2990
4/1/08,2959.5
4/2/08,2935
4/3/08,2910
4/4/08,2962.75
4/7/08,2998
4/8/08,2986
4/9/08,3109.75
4/10/08,3076.75
4/11/08,3090
4/14/08,3045
4/15/08,2999
4/16/08,3069
4/17/08,3060
4/18/08,3075
4/21/08,3040
4/22/08,3085
4/23/08,3096
4/24/08,3003
4/25/08,2995
4/28/08,3005.75
4/29/08,2964
4/30/08,2906.85
5/1/08,2840
5/2/08,2920
5/6/08,2972.5
5/7/08,2920
5/8/08,2875
5/9/08,2885
5/12/08,2934.75
5/13/08,2945
5/14/08,2938
5/15/08,3010
5/16/08,3040
5/19/08,2995
5/20/08,2995
5/21/08,3020
5/22/08,2995
5/23/08,3001
5/27/08,2997
5/28/08,2965.75
5/29/08,2880
5/30/08,2931
6/2/08,2929.5
6/3/08,2925
6/4/08,2875
6/5/08,2909
6/6/08,2957
6/9/08,2952
6/10/08,2955
6/11/08,2960
6/12/08,2950
6/13/08,2948.75
6/16/08,2968.75
6/17/08,3040.75
6/18/08,3085.75
6/19/08,3073
6/20/08,3140
6/23/08,3141
6/24/08,3089.75
6/25/08,3058
6/26/08,3089.75
6/27/08,3123
6/30/08,3114
7/1/08,3155
7/2/08,3221.75
7/3/08,3184
7/4/08,3160
7/7/08,3310.75
7/8/08,3145
7/9/08,3190
7/10/08,3271.75
7/11/08,3329.75
7/14/08,3306
7/15/08,3213.75
7/16/08,3123
7/17/08,3127
7/18/08,3038.15
7/21/08,3045
7/22/08,3035
7/23/08,3006
7/24/08,2965
7/25/08,2969.5
7/28/08,3016
7/29/08,2960
7/30/08,2960
7/31/08,2979
8/1/08,2934
8/4/08,2886
8/5/08,2904
8/6/08,2907.75
8/7/08,2905
8/8/08,2855
8/11/08,2833
8/12/08,2772
8/13/08,2810
8/14/08,2776
8/15/08,2780
8/18/08,2755
8/19/08,2780
8/20/08,2763
8/21/08,2850
8/22/08,2785.25
8/26/08,2768
8/27/08,2765
8/28/08,2730
8/29/08,2718
9/1/08,2705
9/2/08,2695
9/3/08,2675.5
9/4/08,2678.75
9/5/08,2647
9/8/08,2650
9/9/08,2603
9/10/08,2628.75
9/11/08,2620
9/12/08,2657.75
9/15/08,2567
9/16/08,2544.75
9/17/08,2500
9/18/08,2495
9/19/08,2544
9/22/08,2557.75
9/23/08,2510
9/24/08,2503
9/25/08,2509
9/26/08,2490
9/29/08,2441
9/30/08,2425
10/1/08,2416.25
10/2/08,2301
10/3/08,2334.75
10/6/08,2248
10/7/08,2293
10/8/08,2263.25
10/9/08,2302.75
10/10/08,2215
10/13/08,2250
10/14/08,2282
10/15/08,2165
10/16/08,2179.75
10/17/08,2217
10/20/08,2131
10/21/08,2076
10/22/08,2005
10/23/08,2007
10/24/08,1971
10/27/08,2039.75
10/28/08,2110
10/29/08,2132.75
10/30/08,2060
10/31/08,2040
11/3/08,2048
11/4/08,2109
11/5/08,2091
11/6/08,2039
11/7/08,1960
11/10/08,1985
11/11/08,1978
11/12/08,1925
11/13/08,1919.5
11/14/08,1928
11/17/08,1890.25
11/18/08,1917
11/19/08,1877
11/20/08,1785.75
11/21/08,1760
11/24/08,1801
11/25/08,1810
11/26/08,1800
11/27/08,1791
11/28/08,1772
12/1/08,1735
12/2/08,1700
12/3/08,1616
12/4/08,1586
12/5/08,1515
12/8/08,1520.5
12/9/08,1511.85
12/10/08,1526
12/11/08,1563
12/12/08,1500
12/15/08,1495
12/16/08,1480
12/17/08,1510
12/18/08,1487
12/19/08,1516
12/22/08,1558
12/23/08,1560
12/24/08,1537
12/29/08,1511
12/30/08,1495
12/31/08,1540
1/2/09,1570
1/5/09,1550
1/6/09,1622.25
1/7/09,1594
1/8/09,1553
1/9/09,1570
1/12/09,1516
1/13/09,1515
1/14/09,1495
1/15/09,1480
1/16/09,1465
1/19/09,1423
1/20/09,1388.75
1/21/09,1335
1/22/09,1330
1/23/09,1342
1/26/09,1383
1/27/09,1340
1/28/09,1366
1/29/09,1366
1/30/09,1349
2/2/09,1390
2/3/09,1405
2/4/09,1439
2/5/09,1433
2/6/09,1468
2/9/09,1445
2/10/09,1399
2/11/09,1401
2/12/09,1376
2/13/09,1377
2/16/09,1348
2/17/09,1330
2/18/09,1336
2/19/09,1350
2/20/09,1305
2/23/09,1288
2/24/09,1329
2/25/09,1349.5
2/26/09,1364
2/27/09,1342
3/2/09,1318
3/3/09,1315.5
3/4/09,1360
3/5/09,1312
3/6/09,1310
3/9/09,1299
3/10/09,1322
3/11/09,1339
3/12/09,1340
3/13/09,1347
3/16/09,1358
3/17/09,1364.75
3/18/09,1399
3/19/09,1463
3/20/09,1459
3/23/09,1445
3/24/09,1412
3/25/09,1417
3/26/09,1445.75
3/27/09,1420
3/30/09,1394
3/31/09,1392
4/1/09,1385
4/2/09,1430
4/3/09,1480.75
4/6/09,1465
4/7/09,1475
4/8/09,1490
4/9/09,1535
4/14/09,1513
4/15/09,1515
4/16/09,1482
4/17/09,1486
4/20/09,1440
4/21/09,1458.5
4/22/09,1468
4/23/09,1446.75
4/24/09,1457
4/27/09,1446
4/28/09,1436
4/29/09,1457.5
4/30/09,1494
5/1/09,1539
5/5/09,1544
5/6/09,1570.5
5/7/09,1567
5/8/09,1544
5/11/09,1539
5/12/09,1547
5/13/09,1527
5/14/09,1521
5/15/09,1522
5/18/09,1520
5/19/09,1500
5/20/09,1493
5/21/09,1450
5/22/09,1442
5/26/09,1453
5/27/09,1405
5/28/09,1415
5/29/09,1433.75
6/1/09,1485
6/2/09,1470
6/3/09,1484
6/4/09,1553.75
6/5/09,1572
6/8/09,1611.75
6/9/09,1663
6/10/09,1635.75
6/11/09,1694
6/12/09,1644
6/15/09,1610
6/16/09,1610
6/17/09,1622
6/18/09,1640
6/19/09,1680
6/22/09,1574
6/23/09,1605
6/24/09,1660
6/25/09,1677.25
6/26/09,1644
6/29/09,1640
6/30/09,1630
7/1/09,1663
7/2/09,1640
7/3/09,1601
7/6/09,1617
7/7/09,1618
7/8/09,1550
7/9/09,1585
7/10/09,1575.75
7/13/09,1561
7/14/09,1605
7/15/09,1651.75
7/16/09,1695
7/17/09,1709.75
7/20/09,1711
7/21/09,1703.75
7/22/09,1745
7/23/09,1785
7/24/09,1807
7/27/09,1826
7/28/09,1824
7/29/09,1795
7/30/09,1876.75
7/31/09,1899.75
8/3/09,1970
8/4/09,1999.75
8/5/09,2070
8/6/09,1990
8/7/09,2020
8/10/09,1969
8/11/09,1930
8/12/09,1985
8/13/09,2059.75
8/14/09,1990
8/17/09,1960
8/18/09,2005
8/19/09,1950
8/20/09,1906
8/21/09,1928
8/24/09,1927
8/25/09,1900
8/26/09,1866
8/27/09,1884.75
8/28/09,1899.5
9/1/09,1845
9/2/09,1846
9/3/09,1860
9/4/09,1850
9/7/09,1866
9/8/09,1894.25
9/9/09,1890
9/10/09,1854
9/11/09,1845
9/14/09,1834
9/15/09,1867
9/16/09,1927
9/17/09,1961
9/18/09,1917
9/21/09,1875
9/22/09,1889
9/23/09,1873
9/24/09,1839
9/25/09,1815
9/28/09,1833
9/29/09,1852
9/30/09,1890
10/1/09,1858
10/2/09,1804
10/5/09,1805
10/6/09,1822
10/7/09,1835
10/8/09,1910
10/9/09,1909
10/12/09,1947
10/13/09,1907
10/14/09,1912
10/15/09,1916
10/16/09,1905
10/19/09,1956
10/20/09,1914
10/21/09,1967
10/22/09,1960
10/23/09,1972
10/26/09,1998
10/27/09,1982.75
10/28/09,1912
10/29/09,1951
10/30/09,1903.75
11/2/09,1914
11/3/09,1913.5
11/4/09,1915
11/5/09,1925
11/6/09,1910
11/9/09,1947.75
11/10/09,1959
11/11/09,1965
11/12/09,1948
11/13/09,1946
11/16/09,2026
11/17/09,2042
11/18/09,2055
11/19/09,2031
11/20/09,2048
11/23/09,2037
11/24/09,2024
11/25/09,2047
11/26/09,2009
11/27/09,2016
11/30/09,2064
12/1/09,2102
12/2/09,2145
12/3/09,2133
12/4/09,2148
12/7/09,2158
12/8/09,2163
12/9/09,2212
12/10/09,2203
12/11/09,2270
12/14/09,2258
12/15/09,2234
12/16/09,2276
12/17/09,2217
12/18/09,2238
12/21/09,2269
12/22/09,2242
12/23/09,2256
12/24/09,2255
12/29/09,2273
12/30/09,2242
12/31/09,2230
1/4/10,2267
1/5/10,2299
1/6/10,2370
1/7/10,2310
1/8/10,2284
1/11/10,2334
1/12/10,2286.85
1/13/10,2309
1/14/10,2335
1/15/10,2306
1/18/10,2303.5
1/19/10,2293.5
1/20/10,2267
1/21/10,2239
1/22/10,2244
1/25/10,2242
1/26/10,2220
1/27/10,2180
1/28/10,2108
1/29/10,2079
2/1/10,2095
2/2/10,2120
2/3/10,2083
2/4/10,2044
2/5/10,1969.85
2/8/10,2007.75
2/9/10,2055
2/10/10,2035
2/11/10,2056
2/12/10,2055
2/15/10,2057.15
2/16/10,2131
2/17/10,2122
2/18/10,2114
2/19/10,2139
2/22/10,2151
2/23/10,2116.9
2/24/10,2137
2/25/10,2086
2/26/10,2134
3/1/10,2135
3/2/10,2168
3/3/10,2210
3/4/10,2219
3/5/10,2230
3/8/10,2231
3/9/10,2258
3/10/10,2225
3/11/10,2235
3/12/10,2260
3/15/10,2227
3/16/10,2258
3/17/10,2295
3/18/10,2276
3/19/10,2258
3/22/10,2255
3/23/10,2258
3/24/10,2194.25
3/25/10,2219
3/26/10,2220
3/29/10,2282
3/30/10,2294
3/31/10,2323.25
4/1/10,2355
4/6/10,2365
4/7/10,2357
4/8/10,2358.5
4/9/10,2405
4/12/10,2417
4/13/10,2436
4/14/10,2462
4/15/10,2470.25
4/16/10,2435
4/19/10,2378
4/20/10,2385
4/21/10,2351
4/22/10,2320
4/23/10,2334
4/26/10,2310
4/27/10,2257.85
4/28/10,2217
4/29/10,2200
4/30/10,2250
5/4/10,2162.75
5/5/10,2121
5/6/10,2087.25
5/7/10,2072.5
5/10/10,2147
5/11/10,2105
5/12/10,2121
5/13/10,2170
5/14/10,2086
5/17/10,1990
5/18/10,2037
5/19/10,2002
5/20/10,1992
5/21/10,2055
5/24/10,2084
5/25/10,2017
5/26/10,2023
5/27/10,2065
5/28/10,2043
6/1/10,1990.5
6/2/10,1987
6/3/10,1951
6/4/10,1881
6/7/10,1867.5
6/8/10,1920
6/9/10,1928
6/10/10,1949
6/11/10,1945
6/14/10,1994
6/15/10,2012
6/16/10,2000
6/17/10,1966
6/18/10,1944
6/21/10,1961
6/22/10,1959
6/23/10,1941
6/24/10,1965
6/25/10,2004
6/28/10,2028.8
6/29/10,1947
6/30/10,1986.75
7/1/10,1940
7/2/10,1936.5
7/5/10,1937
7/6/10,1985
7/7/10,1986
7/8/10,1989
7/9/10,2000
7/12/10,1971
7/13/10,1994
7/14/10,2009
7/15/10,2016
7/16/10,1978
7/19/10,1972
7/20/10,1971
7/21/10,2008
7/22/10,2044
7/23/10,2030
7/26/10,2056
7/27/10,2056
7/28/10,2068
7/29/10,2093
7/30/10,2160
8/2/10,2217
8/3/10,2196
8/4/10,2228
8/5/10,2208.75
8/6/10,2191
8/9/10,2183
8/10/10,2170
8/11/10,2142
8/12/10,2163.5
8/13/10,2110
8/16/10,2118
8/17/10,2141
8/18/10,2105
8/19/10,2066
8/20/10,2039.85
8/23/10,2040
8/24/10,2028.2
8/25/10,2003.2
8/26/10,2023
8/27/10,2058
8/31/10,2058
9/1/10,2108
9/2/10,2145
9/3/10,2147
9/6/10,2195
9/7/10,2165
9/8/10,2161
9/9/10,2106
9/10/10,2101
9/13/10,2131
9/14/10,2161
9/15/10,2155
9/16/10,2166
9/17/10,2183
9/20/10,2195
9/21/10,2175
9/22/10,2236
9/23/10,2293
9/24/10,2318
9/27/10,2293
9/28/10,2309
9/29/10,2342
9/30/10,2351
10/1/10,2359
10/4/10,2363
10/5/10,2380
10/6/10,2366
10/7/10,2327
10/8/10,2421
10/11/10,2400
10/12/10,2437
10/13/10,2417
10/14/10,2413
10/15/10,2378
10/18/10,2411
10/19/10,2356
10/20/10,2363
10/21/10,2350
10/22/10,2370
10/25/10,2374
10/26/10,2390
10/27/10,2324
10/28/10,2347.5
10/29/10,2344
11/1/10,2372
11/2/10,2432
11/3/10,2419
11/4/10,2458
11/5/10,2453
11/8/10,2430
11/9/10,2470
11/10/10,2448
11/11/10,2458
11/12/10,2404
11/15/10,2400
11/16/10,2383
11/17/10,2276
11/18/10,2309
11/19/10,2262
11/22/10,2289
11/23/10,2255
11/24/10,2259
11/25/10,2282
11/26/10,2270
11/29/10,2271
11/30/10,2276
12/1/10,2341
12/2/10,2349
12/3/10,2320
12/6/10,2310
12/7/10,2305
12/8/10,2374
12/9/10,2340
12/10/10,2309
12/13/10,2335
12/14/10,2351
12/15/10,2322
12/16/10,2319
12/17/10,2335
12/20/10,2379
12/21/10,2435.5
12/22/10,2463
12/23/10,2433
12/24/10,2412
12/29/10,2455
12/30/10,2454
12/31/10,2484.15
1/4/11,2485
1/5/11,2465
1/6/11,2519
1/7/11,2518
1/10/11,2488
1/11/11,2497
1/12/11,2506
1/13/11,2485
1/14/11,2472
1/17/11,2435
1/18/11,2450
1/19/11,2431
1/20/11,2409
1/21/11,2420
1/24/11,2413.5
1/25/11,2361
1/26/11,2388
1/27/11,2428
1/28/11,2473
1/31/11,2521
2/1/11,2551
2/2/11,2525
2/3/11,2529
2/4/11,2541
2/7/11,2550
2/8/11,2567
2/9/11,2545
2/10/11,2537.5
2/11/11,2496
2/14/11,2515
2/15/11,2505
2/16/11,2505
2/17/11,2513
2/18/11,2569
2/21/11,2580
2/22/11,2528
2/23/11,2531
2/24/11,2541
2/25/11,2566
2/28/11,2600
3/1/11,2610.5
3/2/11,2603
3/3/11,2612
3/4/11,2600
3/7/11,2558
3/8/11,2597
3/9/11,2579
3/10/11,2587
3/11/11,2545
3/14/11,2558
3/15/11,2494
3/16/11,2458
3/17/11,2524
3/18/11,2560.5
3/21/11,2570.5
3/22/11,2602
3/23/11,2632
3/24/11,2630
3/25/11,2641
3/28/11,2617
3/29/11,2626
3/30/11,2632
3/31/11,2632
4/1/11,2621
4/4/11,2640.5
4/5/11,2626.5
4/6/11,2656
4/7/11,2694
4/8/11,2706
4/11/11,2684
4/12/11,2666
4/13/11,2665
4/14/11,2642
4/15/11,2665
4/18/11,2677.5
4/19/11,2680
4/20/11,2731
4/21/11,2739.5
4/26/11,2721.5
4/27/11,2749.5
4/28/11,2774
5/3/11,2753
5/4/11,2770
5/5/11,2686
5/6/11,2615
5/9/11,2615
5/10/11,2650
5/11/11,2614.5
5/12/11,2587.5
5/13/11,2627
5/16/11,2538.5
5/17/11,2525
5/18/11,2528
5/19/11,2540
5/20/11,2511
5/23/11,2480
5/24/11,2515
5/25/11,2550.5
5/26/11,2548
5/27/11,2607.5
5/31/11,2654.5
6/1/11,2670.5
6/2/11,2654.5
6/3/11,2629
6/6/11,2646
6/7/11,2687
6/8/11,2670
6/9/11,2649
6/10/11,2631
6/13/11,2593.5
6/14/11,2608
6/15/11,2611
6/16/11,2543
6/17/11,2550.5
6/20/11,2524
6/21/11,2554
6/22/11,2539
6/23/11,2511
6/24/11,2498
6/27/11,2499.5
6/28/11,2512
6/29/11,2523
6/30/11,2539
7/1/11,2514
7/4/11,2490
7/5/11,2517.5
7/6/11,2554.5
7/7/11,2560
7/8/11,2576
7/11/11,2481
7/12/11,2478
7/13/11,2480.5
7/14/11,2507
7/15/11,2484
7/18/11,2475
7/19/11,2513
7/20/11,2549
7/21/11,2504
7/22/11,2578
7/25/11,2604
7/26/11,2639
7/27/11,2647.5
7/28/11,2633
7/29/11,2608.5
8/1/11,2634
8/2/11,2575
8/3/11,2556
8/4/11,2504
8/5/11,2457
8/8/11,2433.5
8/9/11,2421
8/10/11,2436
8/11/11,2403
8/12/11,2413
8/15/11,2384
8/16/11,2374
8/17/11,2384
8/18/11,2405
8/19/11,2345.5
8/22/11,2363
8/23/11,2359
8/24/11,2360
8/25/11,2369.5
8/26/11,2368
8/30/11,2393.5
8/31/11,2442
9/1/11,2437
9/2/11,2438.5
9/5/11,2398
9/6/11,2385
9/7/11,2390.5
9/8/11,2404.5
9/9/11,2380
9/12/11,2355.5
9/13/11,2386
9/14/11,2366.5
9/15/11,2375
9/16/11,2385
9/19/11,2348
9/20/11,2341
9/21/11,2301
9/22/11,2264.5
9/23/11,2205.5
9/26/11,2221
9/27/11,2231.5
9/28/11,2243.5
9/29/11,2222.5
9/30/11,2243
10/3/11,2159
10/4/11,2171
10/5/11,2165
10/6/11,2203
10/7/11,2212.5
10/10/11,2221.5
10/11/11,2224.5
10/12/11,2240
10/13/11,2209.5
10/14/11,2201.5
10/17/11,2227
10/18/11,2183.5
10/19/11,2196
10/20/11,2148
10/21/11,2137
10/24/11,2181
10/25/11,2221
10/26/11,2219
10/27/11,2254
10/28/11,2241.5
10/31/11,2209
11/1/11,2121.5
11/2/11,2124.5
11/3/11,2146
11/4/11,2154
11/7/11,2142
11/8/11,2111.5
11/9/11,2127.5
11/10/11,2134.5
11/11/11,2136.5
11/14/11,2160
11/15/11,2138
11/16/11,2118.5
11/17/11,2105.5
11/18/11,2107
11/21/11,2098.5
11/22/11,2083
11/23/11,2019
11/24/11,2024.5
11/25/11,2002
11/28/11,2019
11/29/11,2006
11/30/11,1988
12/1/11,2110
12/2/11,2143.5
12/5/11,2107
12/6/11,2105
12/7/11,2109
12/8/11,2070
12/9/11,2069
12/12/11,2030.5
12/13/11,2023
12/14/11,1974.5
12/15/11,1986
12/16/11,2009.5
12/19/11,1962
12/20/11,1990
12/21/11,1981
12/22/11,1986
12/23/11,2019
12/28/11,1995
12/29/11,1985
12/30/11,1992
1/3/12,2035
1/4/12,2068.5
1/5/12,2028.5
1/6/12,2039
1/9/12,2079.5
1/10/12,2155
1/11/12,2162
1/12/12,2189
1/13/12,2140
1/16/12,2150.5
1/17/12,2211
1/18/12,2212.5
1/19/12,2218
1/20/12,2222
1/23/12,2229.5
1/24/12,2225.5
1/25/12,2228
1/26/12,2263
1/27/12,2278
1/30/12,2244
1/31/12,2299
2/1/12,2256
2/2/12,2241
2/3/12,2201.5
2/6/12,2218
2/7/12,2216
2/8/12,2277
2/9/12,2277
2/10/12,2258.5
2/13/12,2247
2/14/12,2207
2/15/12,2217
2/16/12,2164
2/17/12,2166.5
2/20/12,2178.5
2/21/12,2220
2/22/12,2253
2/23/12,2273
2/24/12,2293.5
2/27/12,2309.5
2/28/12,2349
2/29/12,2341.5
3/1/12,2333
3/2/12,2335.5
3/5/12,2296
3/6/12,2248
3/7/12,2220.5
3/8/12,2214.5
3/9/12,2207.5
3/12/12,2211
3/13/12,2231
3/14/12,2242
3/15/12,2237.5
3/16/12,2266
3/19/12,2265
3/20/12,2239
3/21/12,2233.5
3/22/12,2181.5
3/23/12,2172.5
3/26/12,2175.5
3/27/12,2175
3/28/12,2180
3/29/12,2146.5
3/30/12,2140.5
4/2/12,2121.5
4/3/12,2126
4/4/12,2099.5
4/5/12,2091
4/10/12,2090
4/11/12,2075
4/12/12,2109.5
4/13/12,2088.5
4/16/12,2068.5
4/17/12,2088
4/18/12,2069
4/19/12,2057
4/20/12,2077
4/23/12,2054.5
4/24/12,2070
4/25/12,2080.5
4/26/12,2081
4/27/12,2109.5
4/30/12,2098
5/1/12,2107
5/2/12,2108
5/3/12,2088.5
5/4/12,2088.5
5/8/12,2063.5
5/9/12,2027
5/10/12,2046
5/11/12,2031.5
5/14/12,2022
5/15/12,2021
5/16/12,2034.5
5/17/12,2034
5/18/12,2056.5
5/21/12,2045.5
5/22/12,2038.5
5/23/12,2015.5
5/24/12,2008.5
5/25/12,2019.5
5/28/12,2022
5/29/12,2020
5/30/12,1997
5/31/12,2014
6/1/12,1979.5
6/6/12,1985
6/7/12,1986.5
6/8/12,1973.5
6/11/12,1982
6/12/12,1965.5
6/13/12,1962
6/14/12,1965
6/15/12,1951.5
6/18/12,1921.5
6/19/12,1920.5
6/20/12,1920.5
6/21/12,1883.5
6/22/12,1864.5
6/25/12,1859
6/26/12,1851.5
6/27/12,1849.5
6/28/12,1872.5
6/29/12,1867.5
7/2/12,1902
7/3/12,1949
7/4/12,1966
7/5/12,1948
7/6/12,1920
7/9/12,1903.5
7/10/12,1923.5
7/11/12,1907.5
7/12/12,1871
7/13/12,1892
7/16/12,1893
7/17/12,1917.5
7/18/12,1895.5
7/19/12,1934.5
7/20/12,1913.5
7/23/12,1861
7/24/12,1872
7/25/12,1881
7/26/12,1898
7/27/12,1894
7/30/12,1886.5
7/31/12,1900.5
8/1/12,1877.5
8/2/12,1855
8/3/12,1841
8/6/12,1862.5
8/7/12,1898.5
8/8/12,1908
8/9/12,1903.5
8/10/12,1878
8/13/12,1867
8/14/12,1856
8/15/12,1845.5
8/16/12,1831
8/17/12,1852
8/20/12,1836
8/21/12,1854
8/22/12,1869.5
8/23/12,1889.5
8/24/12,1901.5
8/28/12,1911
8/29/12,1896.5
8/30/12,1891
8/31/12,1870
9/3/12,1899
9/4/12,1948.5
9/5/12,1940.5
9/6/12,1975.5
9/7/12,1995
9/10/12,2038
9/11/12,2065.5
9/12/12,2080.5
9/13/12,2085.5
9/14/12,2175.5
9/17/12,2168
9/18/12,2154
9/19/12,2140.5
9/20/12,2111
9/21/12,2108
9/24/12,2077
9/25/12,2096.5
9/26/12,2076
9/27/12,2096
9/28/12,2126
10/1/12,2099
10/2/12,2132.5
10/3/12,2097.5
10/4/12,2116
10/5/12,2111
10/8/12,2075.5
10/9/12,2071
10/10/12,2021
10/11/12,2020
10/12/12,1997.5
10/15/12,1974.5
10/16/12,1962
10/17/12,1962
10/18/12,1999
10/19/12,2001.5
10/22/12,1963
10/23/12,1942
10/24/12,1933
10/25/12,1936.5
10/26/12,1926
10/29/12,1901.5
10/30/12,1913
10/31/12,1913
11/1/12,1932.5
11/2/12,1960
11/5/12,1909.5
11/6/12,1914
11/7/12,1928.5
11/8/12,1921
11/9/12,1907.5
11/12/12,1949
11/13/12,1961
11/14/12,1988
11/15/12,1954
11/16/12,1942
11/19/12,1946.5
11/20/12,1972
11/21/12,1947
11/22/12,1935.5
11/23/12,1949
11/26/12,1992.5
11/27/12,2016
11/28/12,1998
11/29/12,2050
11/30/12,2080
12/3/12,2103.5
12/4/12,2104.5
12/5/12,2092.5
12/6/12,2109
12/7/12,2077.5
12/10/12,2104.5
12/11/12,2134
12/12/12,2132.5
12/13/12,2123
12/14/12,2120.5
12/17/12,2111
12/18/12,2099
12/19/12,2105
12/20/12,2070
12/21/12,2073
12/24/12,2092
12/27/12,2082
12/28/12,2066
12/31/12,2071.5
1/2/13,2128
1/3/13,2145.5
1/4/13,2089
1/7/13,2041
1/8/13,2062
1/9/13,2094.5
1/10/13,2109
1/11/13,2117
1/14/13,2103
1/15/13,2041
1/16/13,2033
1/17/13,2040
1/18/13,2057.5
1/21/13,2040.5
1/22/13,2046.5
1/23/13,2085.5
1/24/13,2065
1/25/13,2077
1/28/13,2046
1/29/13,2035.5
1/30/13,2085.5
1/31/13,2111
2/1/13,2092
2/4/13,2118
2/5/13,2117
2/6/13,2095.5
2/7/13,2105.5
2/8/13,2105.5
2/11/13,2117.5
2/12/13,2100.5
2/13/13,2130.5
2/14/13,2160
2/15/13,2165.5
2/18/13,2131
2/19/13,2115
2/20/13,2110
2/21/13,2086.5
2/22/13,2065
2/25/13,2050
2/26/13,2014.5
2/27/13,2017
2/28/13,2005
3/1/13,1962
3/4/13,1973
3/5/13,1985
3/6/13,1969.5
3/7/13,1956
3/8/13,1968.5
3/11/13,1940.5
3/12/13,1979
3/13/13,1988.5
3/14/13,1978.5
3/15/13,1985
3/18/13,1938.5
3/19/13,1946
3/20/13,1944
3/21/13,1937
3/22/13,1938.5
3/25/13,1932
3/26/13,1927.5
3/27/13,1900.5
3/28/13,1910.5
4/2/13,1892.5
4/3/13,1878
4/4/13,1862.5
4/5/13,1875
4/8/13,1900
4/9/13,1896
4/10/13,1913
4/11/13,1890
4/12/13,1877
4/15/13,1842
4/16/13,1892.5
4/17/13,1888
4/18/13,1901
4/19/13,1900.5
4/22/13,1873
4/23/13,1888.5
4/24/13,1902
4/25/13,1915.5
4/26/13,1922.5
4/29/13,1881.5
4/30/13,1886.5
5/1/13,1828.5
5/2/13,1837
5/3/13,1861.5
5/7/13,1877
5/8/13,1913.5
5/9/13,1897
5/10/13,1875
5/13/13,1855.5
5/14/13,1853
5/15/13,1835
5/16/13,1834.5
5/17/13,1863.5
5/20/13,1846
5/21/13,1868
5/22/13,1871
5/23/13,1858
5/24/13,1847.5
5/28/13,1844
5/29/13,1857.5
5/30/13,1890
5/31/13,1905
6/3/13,1919.5
6/4/13,1930.5
6/5/13,1967.5
6/6/13,1957.5
6/7/13,1968.5
6/10/13,1924
6/11/13,1888
6/12/13,1881.5
6/13/13,1856
6/14/13,1855.5
6/17/13,1837
6/18/13,1838
6/19/13,1837
6/20/13,1794.5
6/21/13,1793
6/24/13,1776
6/25/13,1790
6/26/13,1779.5
6/27/13,1764.5
6/28/13,1776
7/1/13,1827.5
7/2/13,1832.5
7/3/13,1808
7/4/13,1812
7/5/13,1768.5
7/8/13,1804
7/9/13,1791
7/10/13,1818
7/11/13,1835
7/12/13,1845
7/15/13,1804.5
7/16/13,1808
7/17/13,1803.5
7/18/13,1806
7/19/13,1826
7/22/13,1848
7/23/13,1846
7/24/13,1851
7/25/13,1824
7/26/13,1795
7/29/13,1795
7/30/13,1777
7/31/13,1804
8/1/13,1822
8/2/13,1817.5
8/5/13,1801.5
8/6/13,1798.5
8/7/13,1778.5
8/8/13,1829
8/9/13,1866.5
8/12/13,1880.5
8/13/13,1887
8/14/13,1884
8/15/13,1891.5
8/16/13,1926
8/19/13,1931.5
8/20/13,1905.5
8/21/13,1902
8/22/13,1904.5
8/23/13,1881.5
8/27/13,1879
8/28/13,1876.5
8/29/13,1845.5
8/30/13,1817.5
9/2/13,1814
9/3/13,1819.5
9/4/13,1796
9/5/13,1799
9/6/13,1829
9/9/13,1816.5
9/10/13,1808
9/11/13,1805.5
9/12/13,1793
9/13/13,1795.5
9/16/13,1785.5
9/17/13,1777.5
9/18/13,1784.5
9/19/13,1832
9/20/13,1817.5
9/23/13,1818
9/24/13,1800.5
9/25/13,1796.5
9/26/13,1808.5
9/27/13,1834.5
9/30/13,1849.5
10/1/13,1836
10/2/13,1821
10/3/13,1832.5
10/4/13,1831.5
10/7/13,1837.5
10/8/13,1864.5
10/9/13,1887
10/10/13,1866
10/11/13,1875.5
10/14/13,1874
10/15/13,1854.5
10/16/13,1835
10/17/13,1843.5
10/18/13,1854
10/21/13,1853
10/22/13,1880
10/23/13,1869.5
10/24/13,1847.5
10/25/13,1855
10/28/13,1886
10/29/13,1896
10/30/13,1891
10/31/13,1876
11/1/13,1862.5
11/4/13,1832
11/5/13,1813
11/6/13,1830.5
11/7/13,1820.5
11/8/13,1813
11/11/13,1805
11/12/13,1802.5
11/13/13,1794.5
11/14/13,1786.5
11/15/13,1785.5
11/18/13,1784
11/19/13,1784
11/20/13,1786
11/21/13,1776
11/22/13,1794
11/25/13,1775.5
11/26/13,1781
11/27/13,1767.5
11/28/13,1751
11/29/13,1754
12/2/13,1746
12/3/13,1740.5
12/4/13,1747.5
12/5/13,1773.5
12/6/13,1773
12/9/13,1795.5
12/10/13,1807.5
12/11/13,1815
12/12/13,1805
12/13/13,1796
12/16/13,1791
12/17/13,1790.5
12/18/13,1797
12/19/13,1781.5
12/20/13,1785
12/23/13,1764.5
12/24/13,1755.5
12/27/13,1797
12/30/13,1820
12/31/13,1811
1/2/14,1802.5
1/3/14,1787
1/6/14,1762
1/7/14,1780.5
1/8/14,1782.5
1/9/14,1757.5
1/10/14,1760.5
1/13/14,1763
1/14/14,1770.5
1/15/14,1760
1/16/14,1795.5
1/17/14,1807
1/20/14,1813
1/21/14,1786
1/22/14,1789
1/23/14,1773.5
1/24/14,1770
1/27/14,1756
1/28/14,1757
1/29/14,1753.5
1/30/14,1729.5
1/31/14,1708.5
2/3/14,1701.5
2/4/14,1686.5
2/5/14,1707.5
2/6/14,1697
2/7/14,1719
2/10/14,1714.5
2/11/14,1714
2/12/14,1729
2/13/14,1730.5
2/14/14,1750.5
2/17/14,1745.5
2/18/14,1736.5
2/19/14,1770.5
2/20/14,1761
2/21/14,1777.5
2/24/14,1742
2/25/14,1755
2/26/14,1780
2/27/14,1759.5
2/28/14,1765.5
3/3/14,1723
3/4/14,1733
3/5/14,1786
3/6/14,1775
3/7/14,1771
3/10/14,1756.5
3/11/14,1788.5
3/12/14,1759
3/13/14,1745.5
3/14/14,1738.5
3/17/14,1727.5
3/18/14,1732.5
3/19/14,1715.5
3/20/14,1715
3/21/14,1719
3/24/14,1732
3/25/14,1760
3/26/14,1750
3/27/14,1725.5
3/28/14,1752
3/31/14,1773.5
4/1/14,1785
4/2/14,1816.5
4/3/14,1822.5
4/4/14,1845
4/7/14,1831
4/8/14,1815.5
4/9/14,1823
4/10/14,1882.5
4/11/14,1873
4/14/14,1871.5
4/15/14,1857.5
4/16/14,1868
4/17/14,1875
4/22/14,1886
4/23/14,1874
4/24/14,1877.5
4/25/14,1863
4/28/14,1840.5
4/29/14,1821.5
4/30/14,1812
5/1/14,1781
5/2/14,1777.5
5/6/14,1792
5/7/14,1773.5
5/8/14,1761
5/9/14,1762
5/12/14,1784
5/13/14,1782.5
5/14/14,1803.5
5/15/14,1797
5/16/14,1775.5
5/19/14,1767
5/20/14,1764.5
5/21/14,1756
5/22/14,1786
5/23/14,1818.5
5/27/14,1819
5/28/14,1842
5/29/14,1820.5
5/30/14,1856.5
6/2/14,1850
6/3/14,1831.5
6/4/14,1821.5
6/5/14,1846.5
6/6/14,1838
6/9/14,1897
6/10/14,1893
6/11/14,1871.5
6/12/14,1861.5
6/13/14,1842.5
6/16/14,1843.5
6/17/14,1852
6/18/14,1869.5
6/19/14,1886
6/20/14,1885.5
6/23/14,1897
6/24/14,1896
6/25/14,1902
6/26/14,1891.5
6/27/14,1885.5
6/30/14,1884
7/1/14,1870.5
7/2/14,1888.5
7/3/14,1918.5
7/4/14,1925.5
7/7/14,1926.5
7/8/14,1942.5
7/9/14,1951
7/10/14,1910.5
7/11/14,1932
7/14/14,1943
7/15/14,1946
7/16/14,1981.5
7/17/14,1983.5
7/18/14,1979
7/21/14,2007
7/22/14,2039
7/23/14,2030.5
7/24/14,2036
7/25/14,2029
7/28/14,2006.5
7/29/14,1985.5
7/30/14,1993.5
7/31/14,2022
8/1/14,1970.5
8/4/14,2004
8/5/14,2013.5
8/6/14,1993.5
8/7/14,2024
8/8/14,2023.5
8/11/14,2033
8/12/14,2051
8/13/14,2044
8/14/14,2021.5
8/15/14,1989
8/18/14,1995
8/19/14,2037.5
8/20/14,2054.5
8/21/14,2069
8/22/14,2060.5
8/26/14,2089
8/27/14,2086.5
8/28/14,2089
8/29/14,2113.5
9/1/14,2095.5
9/2/14,2099.5
9/3/14,2091
9/4/14,2107
9/5/14,2098
9/8/14,2109
9/9/14,2076
9/10/14,2051
9/11/14,2040.5
9/12/14,2046.5
9/15/14,2001
9/16/14,2005.5
9/17/14,2005.5
9/18/14,1985
9/19/14,1983
9/22/14,1958
9/23/14,1973.5
9/24/14,1957
9/25/14,1960.5
9/26/14,1956.5
9/29/14,1948
9/30/14,1969
10/1/14,1933
10/2/14,1898
10/3/14,1913
10/6/14,1925.5
10/7/14,1916.5
10/8/14,1950.5
10/9/14,1956
10/10/14,1922.5
10/13/14,1933.5
10/14/14,1938
10/15/14,1941
10/16/14,1900
10/17/14,1945
10/20/14,1970
10/21/14,1981
10/22/14,1997
10/23/14,1986.5
10/24/14,1965
10/27/14,1967
10/28/14,1996.5
10/29/14,2014
10/30/14,2011
10/31/14,2036.5
11/3/14,2042.5
11/4/14,2049
11/5/14,2034
11/6/14,2053.5
11/7/14,2070
11/10/14,2042
11/11/14,2014.5
11/12/14,2049.5
11/13/14,2057
11/14/14,2017.5
11/17/14,2039
11/18/14,2005.5
11/19/14,2015
11/20/14,2011
11/21/14,2063
11/24/14,2048
11/25/14,2059
11/26/14,2065.5
11/27/14,2064.5
11/28/14,2027
12/1/14,1998
12/2/14,2002.5
12/3/14,1967
12/4/14,1974.5
12/5/14,1996.5
12/8/14,1973
12/9/14,1960
12/10/14,1965.5
12/11/14,1954.5
12/12/14,1940.5
12/15/14,1931
12/16/14,1910
12/17/14,1894
12/18/14,1917
12/19/14,1917.5
12/22/14,1905
12/23/14,1878.5
12/24/14,1864
12/29/14,1860
12/30/14,1854
12/31/14,1859
1/2/15,1848
1/5/15,1822.5
1/6/15,1806.5
1/7/15,1791
1/8/15,1802.5
1/9/15,1818
1/12/15,1801.5
1/13/15,1783
1/14/15,1778.5
1/15/15,1793
1/16/15,1808.5
1/19/15,1813
1/20/15,1834.5
1/21/15,1832.5
1/22/15,1871.5
1/23/15,1835.5
1/26/15,1828.5
1/27/15,1857
1/28/15,1858
1/29/15,1831.5
1/30/15,1847
2/2/15,1865.5
2/3/15,1889.5
2/4/15,1875.5
2/5/15,1862
2/6/15,1884
2/9/15,1870
2/10/15,1861
2/11/15,1831.5
2/12/15,1833.5
2/13/15,1846
2/16/15,1830
2/17/15,1820.5
2/18/15,1820
2/19/15,1820.5
2/20/15,1810.5
2/23/15,1793
2/24/15,1809
2/25/15,1801
2/26/15,1817
2/27/15,1808
3/2/15,1811
3/3/15,1796
3/4/15,1804
3/5/15,1806
3/6/15,1796
3/9/15,1775
3/10/15,1762
3/11/15,1770
3/12/15,1753.5
3/13/15,1746.5
3/16/15,1766
3/17/15,1768
3/18/15,1776.5
3/19/15,1781.5
3/20/15,1772
3/23/15,1796
3/24/15,1796
3/25/15,1772
3/26/15,1791
3/27/15,1777.5
3/30/15,1784.5
3/31/15,1790
4/1/15,1768.5
4/2/15,1774
4/7/15,1785
4/8/15,1774.5
4/9/15,1770
4/10/15,1769.5
4/13/15,1771
4/14/15,1767.5
4/15/15,1797.5
4/16/15,1839.5
4/17/15,1830.5
4/20/15,1829
4/21/15,1806
4/22/15,1813.5
4/23/15,1784
4/24/15,1809
4/27/15,1820
4/28/15,1862
4/29/15,1884.5
4/30/15,1904
5/1/15,1921.5
5/5/15,1926
5/6/15,1937.5
5/7/15,1898.5
5/8/15,1896
5/11/15,1886
5/12/15,1884
5/13/15,1895
5/14/15,1885
5/15/15,1848
5/18/15,1837
5/19/15,1788
5/20/15,1790
5/21/15,1776
5/22/15,1765
5/26/15,1752
5/27/15,1738.5
5/28/15,1760.5
5/29/15,1745
6/1/15,1734
6/2/15,1752
6/3/15,1756
6/4/15,1736
6/5/15,1731.5
6/8/15,1737.5
6/9/15,1760.5
6/10/15,1763
6/11/15,1737.5
6/12/15,1741.5
6/15/15,1704
6/16/15,1702
6/17/15,1717.5
6/18/15,1719
6/19/15,1690.5
6/22/15,1692.5
6/23/15,1723
6/24/15,1730
6/25/15,1711.5
6/26/15,1710
6/29/15,1682.5
6/30/15,1688.5
7/1/15,1706.5
7/2/15,1731
7/3/15,1723
7/6/15,1685
7/7/15,1686.5
7/8/15,1660.5
7/9/15,1692.5
7/10/15,1692.5
7/13/15,1705.5
7/14/15,1693
7/15/15,1718
7/16/15,1709
7/17/15,1703
7/20/15,1682.5
7/21/15,1674
7/22/15,1655
7/23/15,1650.5
7/24/15,1639
7/27/15,1641.5
7/28/15,1649.5
7/29/15,1657
7/30/15,1645
7/31/15,1625
8/3/15,1605.5
8/4/15,1614
8/5/15,1611
8/6/15,1588.5
8/7/15,1592.5
8/10/15,1587
8/11/15,1581.5
8/12/15,1582
8/13/15,1569.5
8/14/15,1573.5
8/17/15,1558.5
8/18/15,1558.5
8/19/15,1552
8/20/15,1572
8/21/15,1551.5
8/24/15,1510.5
8/25/15,1546.5
8/26/15,1536
8/27/15,1546.5
8/28/15,1566
9/1/15,1595
9/2/15,1591.5
9/3/15,1626.5
9/4/15,1623.5
9/7/15,1610
9/8/15,1615.5
9/9/15,1649
9/10/15,1627
9/11/15,1634.5
9/14/15,1618
9/15/15,1615.5
9/16/15,1618.5
9/17/15,1618.5
9/18/15,1636
9/21/15,1623
9/22/15,1589
9/23/15,1582.5
9/24/15,1573
9/25/15,1577.5
9/28/15,1549.5
9/29/15,1561.5
9/30/15,1573
10/1/15,1588
10/2/15,1553
10/5/15,1556
10/6/15,1557
10/7/15,1579.5
10/8/15,1568
10/9/15,1623.5
10/12/15,1627
10/13/15,1577
10/14/15,1588.5
10/15/15,1587.5
10/16/15,1564
10/19/15,1559
10/20/15,1536
10/21/15,1524
10/22/15,1517
10/23/15,1517
10/26/15,1501.5
10/27/15,1491
10/28/15,1467
10/29/15,1471.5
10/30/15,1479
11/2/15,1483.5
11/3/15,1500.5
11/4/15,1503
11/5/15,1496.5
11/6/15,1507.5
11/9/15,1518.5
11/10/15,1498.5
11/11/15,1505.5
11/12/15,1492.5
11/13/15,1489.5
11/16/15,1474
11/17/15,1479.5
11/18/15,1474
11/19/15,1461.5
11/20/15,1487.5
11/23/15,1435
11/24/15,1444.5
11/25/15,1440
11/26/15,1480.5
11/27/15,1486.5
11/30/15,1452
12/1/15,1450
12/2/15,1469
12/3/15,1469
12/4/15,1510.5
12/7/15,1508.5
12/8/15,1468
12/9/15,1495
12/10/15,1481.5
12/11/15,1495.5
12/14/15,1475.5
12/15/15,1477
12/16/15,1478
12/17/15,1475
12/18/15,1500
12/21/15,1506
12/22/15,1515
12/23/15,1527.5
12/24/15,1542
12/29/15,1541
12/30/15,1513
12/31/15,1513.5
1/4/16,1471
1/5/16,1477.5
1/6/16,1464
1/7/16,1461
1/8/16,1483
1/11/16,1476.5
1/12/16,1462
1/13/16,1451.5
1/14/16,1470.5
1/15/16,1467.5
1/18/16,1476
1/19/16,1491
1/20/16,1467.5
1/21/16,1470.5
1/22/16,1497
1/25/16,1481
1/26/16,1481
1/27/16,1505.5
1/28/16,1524
1/29/16,1524
2/1/16,1516
2/2/16,1524
2/3/16,1511.5
2/4/16,1531
2/5/16,1533
2/8/16,1499
2/9/16,1491.5
2/10/16,1495
2/11/16,1489
2/12/16,1494.5
2/15/16,1507
2/16/16,1527
2/17/16,1515
2/18/16,1517.5
2/19/16,1537
2/22/16,1554.5
2/23/16,1565
2/24/16,1545
2/25/16,1577
2/26/16,1571.5
2/29/16,1585.5
3/1/16,1577
3/2/16,1580.5
3/3/16,1588
3/4/16,1572.5
3/7/16,1586.5
3/8/16,1588.5
3/9/16,1564
3/10/16,1574
3/11/16,1559.5
3/14/16,1547
3/15/16,1523.5
3/16/16,1510
3/17/16,1525
3/18/16,1519.5
3/21/16,1512.5
3/22/16,1503
3/23/16,1494.5
3/24/16,1480
3/29/16,1483.5
3/30/16,1490.5
3/31/16,1501
4/1/16,1535.5
4/4/16,1537
4/5/16,1519
4/6/16,1504.5
4/7/16,1505.5
4/8/16,1509
4/11/16,1506.5
4/12/16,1525.5
4/13/16,1550.5
4/14/16,1562.5
4/15/16,1545.5
4/18/16,1555.5
4/19/16,1566
4/20/16,1601
4/21/16,1638
4/22/16,1642.5
4/25/16,1652
4/26/16,1642.5
4/27/16,1646.5
4/28/16,1649.5
4/29/16,1675
5/3/16,1649
5/4/16,1630
5/5/16,1616.5
5/6/16,1614.5
5/9/16,1574.5
5/10/16,1562
5/11/16,1574
5/12/16,1556
5/13/16,1544
5/16/16,1540.5
5/17/16,1543
5/18/16,1541.5
5/19/16,1548.5
5/20/16,1568.5
5/23/16,1540
5/24/16,1562
5/25/16,1545.5
5/26/16,1559
5/27/16,1558.5
5/31/16,1559
6/1/16,1557
6/2/16,1566
6/3/16,1548.5
6/6/16,1557.5
6/7/16,1551.5
6/8/16,1607
6/9/16,1601
6/10/16,1585.5
6/13/16,1582
6/14/16,1606
6/15/16,1625
6/16/16,1604
6/17/16,1614
6/20/16,1618.5
6/21/16,1634
6/22/16,1634
6/23/16,1635
6/24/16,1610.5
6/27/16,1603
6/28/16,1613
6/29/16,1623.5
6/30/16,1643.5
7/1/16,1654.5
7/4/16,1662.5
7/5/16,1633.5
7/6/16,1635
7/7/16,1647
7/8/16,1652.5
7/11/16,1662.5
7/12/16,1660
7/13/16,1681.5
7/14/16,1681
7/15/16,1695.5
7/18/16,1652.5
7/19/16,1655.5
7/20/16,1625
7/21/16,1611.5
7/22/16,1612.5
7/25/16,1613
7/26/16,1601
7/27/16,1593
7/28/16,1603
7/29/16,1628
8/1/16,1653.5
8/2/16,1641.5
8/3/16,1630
8/4/16,1630.5
8/5/16,1645
8/8/16,1643
8/9/16,1642
8/10/16,1647
8/11/16,1653
8/12/16,1655
8/15/16,1676
8/16/16,1693
8/17/16,1694
8/18/16,1683
8/19/16,1667
8/22/16,1667
8/23/16,1669
8/24/16,1646
8/25/16,1644.5
8/26/16,1642.5
8/30/16,1630
8/31/16,1614
9/1/16,1615
9/2/16,1594
9/5/16,1580
9/6/16,1589
9/7/16,1593
9/8/16,1590.5
9/9/16,1578.5
9/12/16,1568
9/13/16,1565
9/14/16,1586
9/15/16,1572
9/16/16,1575.5
9/19/16,1583
9/20/16,1577
9/21/16,1584
9/22/16,1633
9/23/16,1637
9/26/16,1661
9/27/16,1651
9/28/16,1665
9/29/16,1671
9/30/16,1673
10/3/16,1678
10/4/16,1669
10/5/16,1675
10/6/16,1677
10/7/16,1675
10/10/16,1690.5
10/11/16,1679
10/12/16,1685
10/13/16,1692
10/14/16,1675
10/17/16,1660.5
10/18/16,1642
10/19/16,1631.5
10/20/16,1612
10/21/16,1625
10/24/16,1630.5
10/25/16,1669
10/26/16,1679
10/27/16,1699
10/28/16,1719
10/31/16,1734
11/1/16,1735
11/2/16,1726.5
11/3/16,1731
11/4/16,1722
11/7/16,1727
11/8/16,1731
11/9/16,1753
11/10/16,1770
11/11/16,1745
11/14/16,1735
11/15/16,1735
11/16/16,1697
11/17/16,1688
11/18/16,1694
11/21/16,1722
11/22/16,1760
11/23/16,1778
11/24/16,1770
11/25/16,1757
11/28/16,1747
11/29/16,1721
11/30/16,1732
12/1/16,1722
12/2/16,1714.5
12/5/16,1734.5
12/6/16,1709
12/7/16,1707
12/8/16,1724
12/9/16,1750
12/12/16,1731
12/13/16,1741
12/14/16,1746
12/15/16,1735.5
12/16/16,1717
12/19/16,1712
12/20/16,1721
12/21/16,1725
12/22/16,1722
12/23/16,1719
12/28/16,1705
12/29/16,1679
12/30/16,1693
1/3/17,1687
1/4/17,1685
1/5/17,1702.5
1/6/17,1713
1/9/17,1726
1/10/17,1749
1/11/17,1758
1/12/17,1790
1/13/17,1809
1/16/17,1792
1/17/17,1798
1/18/17,1834.5
1/19/17,1826
1/20/17,1845
1/23/17,1849.5
1/24/17,1867
1/25/17,1833.5
1/26/17,1820
1/27/17,1816
1/30/17,1802
1/31/17,1819
2/1/17,1819
2/2/17,1829
2/3/17,1834.5
2/6/17,1834.5
2/7/17,1831
2/8/17,1847.5
2/9/17,1850
2/10/17,1874
2/13/17,1871
2/14/17,1887
2/15/17,1913
2/16/17,1897
2/17/17,1880
2/20/17,1900
2/21/17,1886
2/22/17,1884.5
2/23/17,1867
2/24/17,1885
2/27/17,1900
2/28/17,1924
3/1/17,1949
3/2/17,1911
3/3/17,1892
3/6/17,1876.5
3/7/17,1876
3/8/17,1877
3/9/17,1868
3/10/17,1880
3/13/17,1881
3/14/17,1860
3/15/17,1887
3/16/17,1900
3/17/17,1914
3/20/17,1922
3/21/17,1927
3/22/17,1922
3/23/17,1933.5
3/24/17,1939
3/27/17,1930
3/28/17,1944
3/29/17,1960
3/30/17,1972
3/31/17,1962.5
4/3/17,1952
4/4/17,1938
4/5/17,1961
4/6/17,1953
4/7/17,1962
4/10/17,1926.5
4/11/17,1921
4/12/17,1898
4/13/17,1909
4/18/17,1892
4/19/17,1903
4/20/17,1943
4/21/17,1933.5
4/24/17,1946
4/25/17,1963
4/26/17,1964.5
4/27/17,1924
4/28/17,1911.5
5/2/17,1929.5
5/3/17,1924
5/4/17,1913
5/5/17,1903
5/8/17,1879
5/9/17,1870
5/10/17,1865
5/11/17,1875
5/12/17,1891
5/15/17,1905.5
5/16/17,1923
5/17/17,1924.5
5/18/17,1923
5/19/17,1943.5
5/22/17,1938
5/23/17,1943
5/24/17,1945
5/25/17,1960
5/26/17,1951
5/30/17,1926
5/31/17,1928
6/1/17,1927
6/2/17,1931
6/5/17,1903
6/6/17,1901
6/7/17,1906
6/8/17,1902.5
6/9/17,1907
6/12/17,1889
6/13/17,1889
6/14/17,1882.5
6/15/17,1872
6/16/17,1867
6/19/17,1886.5
6/20/17,1886.5
6/21/17,1867
6/22/17,1870
6/23/17,1865
6/26/17,1862
6/27/17,1883
6/28/17,1896
6/29/17,1915
6/30/17,1919
7/3/17,1927
7/4/17,1928
7/5/17,1929
7/6/17,1944
7/7/17,1930
7/10/17,1897
7/11/17,1900
7/12/17,1889
7/13/17,1923
7/14/17,1927
7/17/17,1918
7/18/17,1931
7/19/17,1920
7/20/17,1917
7/21/17,1915
7/24/17,1912
7/25/17,1930
7/26/17,1942
7/27/17,1938
7/28/17,1907
7/31/17,1918
8/1/17,1907
8/2/17,1926
8/3/17,1916
8/4/17,1910.5
8/7/17,1964
8/8/17,2030
8/9/17,2027.5
8/10/17,2037
8/11/17,2042.5
8/14/17,2023
8/15/17,2049
8/16/17,2094
8/17/17,2076
8/18/17,2062
8/21/17,2081
8/22/17,2075
8/23/17,2097
8/24/17,2106
8/25/17,2070
8/29/17,2095
8/30/17,2087.5
8/31/17,2117
9/1/17,2136
9/4/17,2119.5
9/5/17,2096
9/6/17,2104.5
9/7/17,2107
9/8/17,2099
9/11/17,2122
9/12/17,2137
9/13/17,2110
9/14/17,2098
9/15/17,2086
9/18/17,2089.5
9/19/17,2125
9/20/17,2177
9/21/17,2171
9/22/17,2158
9/25/17,2148
9/26/17,2126
9/27/17,2131.5
9/28/17,2131
9/29/17,2102
10/2/17,2101
10/3/17,2131
10/4/17,2166
10/5/17,2171.5
10/6/17,2153
10/9/17,2173.5
10/10/17,2163
10/11/17,2130
10/12/17,2146.5
10/13/17,2133.5
10/16/17,2136
10/17/17,2140
10/18/17,2121
10/19/17,2153
10/20/17,2136
10/23/17,2137
10/24/17,2155
10/25/17,2186
10/26/17,2190
10/27/17,2168
10/30/17,2163
10/31/17,2160
11/1/17,2185
11/2/17,2173.5
11/3/17,2185
11/6/17,2171
11/7/17,2132
11/8/17,2109
11/9/17,2093
11/10/17,2101
11/13/17,2108
11/14/17,2082
11/15/17,2106
11/16/17,2102
11/17/17,2104
11/20/17,2086
11/21/17,2082
11/22/17,2107
11/23/17,2113
11/24/17,2132
11/27/17,2135
11/28/17,2102.5
11/29/17,2068
11/30/17,2048
12/1/17,2074.5
12/4/17,2069
12/5/17,2052
12/6/17,2019
12/7/17,2010
12/8/17,2010.5
12/11/17,2022
12/12/17,2016
12/13/17,2009
12/14/17,2049.5
12/15/17,2066
12/18/17,2074
12/19/17,2099
12/20/17,2122
12/21/17,2148
12/22/17,2192
12/27/17,2252
12/28/17,2284
12/29/17,2268
1/2/18,2264.5
1/3/18,2228
1/4/18,2250
1/5/18,2202.5
1/8/18,2175
1/9/18,2152.5
1/10/18,2182
1/11/18,2175.5
1/12/18,2214
1/15/18,2227
1/16/18,2189
1/17/18,2192
1/18/18,2241
1/19/18,2220
1/22/18,2249
1/23/18,2229.5
1/24/18,2250
1/25/18,2241
1/26/18,2257
1/29/18,2225
1/30/18,2207
1/31/18,2219.5
2/1/18,2225
2/2/18,2210
2/5/18,2211
2/6/18,2170
2/7/18,2158
2/8/18,2170
2/9/18,2123
2/12/18,2125
2/13/18,2139
2/14/18,2177.5
2/15/18,2165
2/16/18,2208
2/19/18,2214
2/20/18,2185
2/21/18,2201
2/22/18,2185
2/23/18,2140
2/26/18,2138
2/27/18,2147
2/28/18,2132
3/1/18,2147
3/2/18,2149
3/5/18,2145.5
3/6/18,2147
3/7/18,2097
3/8/18,2106
3/9/18,2120
3/12/18,2100
3/13/18,2103
3/14/18,2089
3/15/18,2085
3/16/18,2085
3/19/18,2088
3/20/18,2076
3/21/18,2081
3/22/18,2075
3/23/18,2050.5
3/26/18,2052
3/27/18,2045
3/28/18,2027
3/29/18,2004.5
4/4/18,1991
4/5/18,2009
4/6/18,2042
4/9/18,2139
4/10/18,2201
4/11/18,2250
4/12/18,2325
4/13/18,2285
4/16/18,2399
4/17/18,2405
4/18/18,2537
4/19/18,2485
4/20/18,2469
4/23/18,2295
4/24/18,2227
4/25/18,2245
4/26/18,2275
4/27/18,2223
4/30/18,2255
5/1/18,2260
5/2/18,2321.5
5/3/18,2269
5/4/18,2350
5/9/18,2366
5/10/18,2335
5/11/18,2288
5/14/18,2319
5/15/18,2327
5/16/18,2315.5
5/17/18,2293
5/18/18,2270
5/21/18,2280
5/22/18,2270
5/23/18,2270
5/24/18,2281
5/25/18,2263
5/30/18,2270
5/31/18,2292
6/1/18,2305
6/4/18,2314
6/5/18,2312
6/6/18,2345
6/7/18,2312
6/8/18,2299
6/11/18,2301
6/12/18,2302
6/13/18,2275
6/14/18,2256
6/15/18,2204
6/18/18,2219.5
6/19/18,2171
6/20/18,2166
6/21/18,2179
6/22/18,2175
6/25/18,2155
6/26/18,2157.5
6/27/18,2176
6/28/18,2155
6/29/18,2133
7/2/18,2098
7/3/18,2080
7/4/18,2089
7/5/18,2080
7/6/18,2080
7/9/18,2121
7/10/18,2090
7/11/18,2060
7/12/18,2042
7/13/18,2031
7/16/18,2055
7/17/18,2032
7/18/18,2027
7/19/18,2001
7/20/18,2029
7/23/18,2069
7/24/18,2084.5
7/25/18,2062
7/26/18,2067
7/27/18,2071
7/30/18,2094
7/31/18,2081
8/1/18,2052
8/2/18,2036
8/3/18,2028
8/6/18,2043
8/7/18,2038
8/8/18,2106
8/9/18,2078
8/10/18,2105
8/13/18,2082
8/14/18,2070
8/15/18,2025
8/16/18,2048
8/17/18,2030
8/20/18,2055
8/21/18,2054.5
8/22/18,2065
8/23/18,2075
8/24/18,2095
8/29/18,2172
8/30/18,2132
8/31/18,2125
9/3/18,2097
9/4/18,2062
9/5/18,2068
9/6/18,2040
9/7/18,2070
9/10/18,2095
9/11/18,2044
9/12/18,2064
9/13/18,2064
9/14/18,2043
9/17/18,2032
9/18/18,2035
9/19/18,2026
9/20/18,2043
9/21/18,2091
9/24/18,2060
9/25/18,2071
9/26/18,2065
9/27/18,2030
9/28/18,2062
10/1/18,2084
10/2/18,2118
10/3/18,2206
10/4/18,2169.5
10/5/18,2130
10/8/18,2067
10/9/18,2056
10/10/18,2047
10/11/18,2020
10/12/18,2041
10/15/18,2027
10/16/18,2034
10/17/18,2022
10/18/18,2013
10/19/18,2003
10/22/18,2007
10/23/18,2001
10/24/18,1997
10/25/18,1994
10/26/18,1998
10/29/18,1984
10/30/18,1967
10/31/18,1953.5
11/1/18,1966
11/2/18,1973
11/5/18,1975
11/6/18,1950.5
11/7/18,1985
11/8/18,1990
11/9/18,1954
11/12/18,1942
11/13/18,1935.5
11/14/18,1943
11/15/18,1929
11/16/18,1940
11/19/18,1934
11/20/18,1940
11/21/18,1953.5
11/22/18,1946.5
11/23/18,1949
11/26/18,1951.5
11/27/18,1930.5
11/28/18,1932
11/29/18,1940
11/30/18,1958
12/3/18,1974
12/4/18,1974
12/5/18,1969
12/6/18,1936
12/7/18,1955
12/10/18,1938
12/11/18,1939
12/12/18,1939
12/13/18,1932
12/14/18,1926
12/17/18,1942
12/18/18,1925
12/19/18,1927
12/20/18,1912
12/21/18,1909
12/24/18,1893
12/27/18,1851.5
12/28/18,1845
12/31/18,1846
1/2/19,1797
1/3/19,1835
1/4/19,1865
1/7/19,1878.5
1/8/19,1864.5
1/9/19,1852.5
1/10/19,1861
1/11/19,1836
1/14/19,1828
1/15/19,1845
1/16/19,1859
1/17/19,1858
1/18/19,1870
1/21/19,1852
1/22/19,1883
1/23/19,1909
1/24/19,1890.5
1/25/19,1920
1/28/19,1867
1/29/19,1892
1/30/19,1909.5
1/31/19,1910
2/1/19,1883
2/4/19,1919
2/5/19,1922
2/6/19,1907
2/7/19,1894
2/8/19,1881
2/11/19,1880
2/12/19,1861
2/13/19,1860
2/14/19,1850
2/15/19,1859
2/18/19,1856
2/19/19,1856
2/20/19,1868
2/21/19,1905
2/22/19,1913
2/25/19,1906
2/26/19,1911
2/27/19,1922
2/28/19,1911
3/1/19,1918
3/4/19,1875
3/5/19,1874
3/6/19,1866
3/7/19,1864
3/8/19,1872
3/11/19,1847
3/12/19,1873
3/13/19,1905
3/14/19,1903
3/15/19,1897
3/18/19,1920.5
3/19/19,1946
3/20/19,1937
3/21/19,1899.5
3/22/19,1903
3/25/19,1883
3/26/19,1888
3/27/19,1911
3/28/19,1903
3/29/19,1912
4/1/19,1899
4/2/19,1889
4/3/19,1896
4/4/19,1895
4/5/19,1890
4/8/19,1871
4/9/19,1878
4/10/19,1864
4/11/19,1860
4/12/19,1863
4/15/19,1865
4/16/19,1855.5
4/17/19,1850
4/18/19,1867
4/23/19,1866
4/24/19,1872
4/25/19,1857
4/26/19,1837
4/29/19,1828
4/30/19,1797
5/1/19,1815
5/2/19,1816
5/3/19,1795.5
5/7/19,1816
5/8/19,1797
5/9/19,1799
5/10/19,1808
5/13/19,1809
5/14/19,1844.5
5/15/19,1855
5/16/19,1860
5/17/19,1837
5/20/19,1797.5
5/21/19,1796
5/22/19,1779
5/23/19,1797.5
5/24/19,1800
5/28/19,1807
5/29/19,1795
5/30/19,1782
5/31/19,1794.5
6/3/19,1777
6/4/19,1786
6/5/19,1771
6/6/19,1776
6/7/19,1764
6/10/19,1775
6/11/19,1778
6/12/19,1790
6/13/19,1787
6/14/19,1764.5
6/17/19,1758.5
6/18/19,1781
6/19/19,1784
6/20/19,1781
6/21/19,1767.5
6/24/19,1793
6/25/19,1814
6/26/19,1820
6/27/19,1790
6/28/19,1800
7/1/19,1794
7/2/19,1782
7/3/19,1790
7/4/19,1807
7/5/19,1803
7/8/19,1809
7/9/19,1821
7/10/19,1850
7/11/19,1828
7/12/19,1822
7/15/19,1842
7/16/19,1850
7/17/19,1847
7/18/19,1854
7/19/19,1848
7/22/19,1816
7/23/19,1816
7/24/19,1826
7/25/19,1826
7/26/19,1802
7/29/19,1811
7/30/19,1803
7/31/19,1799
8/1/19,1780
8/2/19,1770
8/5/19,1763
8/6/19,1759
8/7/19,1745
8/8/19,1778
8/9/19,1771
8/12/19,1770
8/13/19,1785
8/14/19,1775
8/15/19,1782
8/16/19,1792
8/19/19,1794
8/20/19,1782
8/21/19,1779
8/22/19,1766
8/23/19,1770
8/27/19,1761
8/28/19,1746
8/29/19,1753
8/30/19,1753
9/2/19,1749
9/3/19,1753
9/4/19,1775
9/5/19,1784
9/6/19,1791
9/9/19,1799
9/10/19,1820
9/11/19,1825
9/12/19,1803
9/13/19,1810
9/16/19,1793
9/17/19,1792
9/18/19,1785.5
9/19/19,1800
9/20/19,1795
9/23/19,1785
9/24/19,1762.5
9/25/19,1752
9/26/19,1737
9/27/19,1735
9/30/19,1721.5
10/1/19,1740
10/2/19,1705
10/3/19,1718
10/4/19,1719
10/7/19,1746.15
10/8/19,1751.35
10/9/19,1743.85
10/10/19,1752.85
10/11/19,1721.85
10/14/19,1719.85
10/15/19,1727.85
10/16/19,1727.85
10/17/19,1726.85
10/18/19,1737.85
10/21/19,1728.85
10/22/19,1718.85
10/23/19,1725.15
10/24/19,1723.85
10/25/19,1728
10/28/19,1737
10/29/19,1754
10/30/19,1760
10/31/19,1755.15
11/1/19,1785.85
11/4/19,1814.85
11/5/19,1808.4
11/6/19,1810
11/7/19,1812.85
11/8/19,1807.35
11/11/19,1778.85
11/12/19,1777.85
11/13/19,1767.25
11/14/19,1746.78
11/15/19,1754.85
11/18/19,1738.15
11/19/19,1730.85
11/20/19,1741
11/21/19,1734.15
11/22/19,1739
11/25/19,1736.15
11/26/19,1753
11/27/19,1763.85
11/28/19,1752.15
11/29/19,1769.85
12/2/19,1790
12/3/19,1766.25
12/4/19,1757.2
12/5/19,1752
12/6/19,1765.15
12/9/19,1757
12/10/19,1755
12/11/19,1760
12/12/19,1774.85
12/13/19,1767.85
12/16/19,1775.75
12/17/19,1763.85
12/18/19,1776.85
12/19/19,1796.85
12/20/19,1799.85
12/23/19,1804
12/24/19,1814
12/27/19,1825.15
12/30/19,1827.15
12/31/19,1810
1/2/20,1804.35
1/3/20,1820.7
1/6/20,1833
1/7/20,1816
1/8/20,1801
1/9/20,1803.7
1/10/20,1806
1/13/20,1798.15
1/14/20,1808.85
1/15/20,1800.85
1/16/20,1812
1/17/20,1805
1/20/20,1815.74
1/21/20,1824.3
1/22/20,1811.15
1/23/20,1794
1/24/20,1780.85
1/27/20,1764.15
1/28/20,1752.15
1/29/20,1736.85
1/30/20,1731
1/31/20,1723.15
2/3/20,1686.35
2/4/20,1686.15
2/5/20,1715.15
2/6/20,1737
2/7/20,1725.85
2/10/20,1702.2
2/11/20,1734
2/12/20,1734.15
2/13/20,1752.79
2/14/20,1722.15
2/17/20,1721.15
2/18/20,1720.15
2/19/20,1720.2
2/20/20,1711.15
2/21/20,1713.5
2/24/20,1699
2/25/20,1703
2/26/20,1695.85
2/27/20,1690
2/28/20,1694.35
3/2/20,1717.15
3/3/20,1721.85
3/4/20,1726.15
3/5/20,1720.15
3/6/20,1685.15
3/9/20,1687.15
3/10/20,1697.15
3/11/20,1674.85
3/12/20,1655.85
3/13/20,1680.65
3/16/20,1674.85
3/17/20,1651.5
3/18/20,1649.85
3/19/20,1630.15
3/20/20,1583
3/23/20,1560.8
3/24/20,1548
3/25/20,1537.5
3/26/20,1536.15
3/27/20,1545.5
3/30/20,1530.7
3/31/20,1532.77
4/1/20,1499.65
4/2/20,1491
4/3/20,1481.35
4/6/20,1471.85
4/7/20,1477.35
4/8/20,1465.65
4/9/20,1479.35
4/14/20,1503.35
4/15/20,1507.7
4/16/20,1512.35
4/17/20,1506.9
4/20/20,1502.8
4/21/20,1490.35
4/22/20,1515.15
4/23/20,1513.85
4/24/20,1506.88
4/27/20,1506.85
4/28/20,1504.5
4/29/20,1506
4/30/20,1494.65
5/1/20,1486.85
5/5/20,1484.3
5/6/20,1479.3
5/7/20,1495
5/11/20,1497.5
5/12/20,1481.9
5/13/20,1480
5/14/20,1474.1
5/15/20,1461.85
5/18/20,1495.75
5/19/20,1490.25
5/20/20,1490.44
5/21/20,1520.85
5/22/20,1506.35
5/26/20,1519.4
5/27/20,1525
5/28/20,1536.85
5/29/20,1545.58
6/1/20,1541.23
6/2/20,1547
6/3/20,1568.7
6/4/20,1563.15
6/5/20,1591.35
6/8/20,1605.15
6/9/20,1605.65
6/10/20,1627.35
6/11/20,1601.35
6/12/20,1584.85
6/15/20,1577
6/16/20,1597.5
6/17/20,1607.35
6/18/20,1600
6/19/20,1591.9
6/22/20,1603
6/23/20,1594.85
6/24/20,1572.2
6/25/20,1569.85
6/26/20,1601.35
6/29/20,1608.8
6/30/20,1619.75
7/1/20,1621
7/2/20,1620.8
7/3/20,1614
7/6/20,1634.35
7/7/20,1634
7/8/20,1665.1
7/9/20,1664
7/10/20,1688.5
7/13/20,1689.85
7/14/20,1688.5
7/15/20,1680.15
7/16/20,1670.65
7/17/20,1661.65
7/20/20,1664.65
7/21/20,1696.35
7/22/20,1686.98
7/23/20,1701.2
7/24/20,1700
7/27/20,1708.2
7/28/20,1724
7/29/20,1724.85
7/30/20,1720.72
7/31/20,1713.35
8/3/20,1751.85
8/4/20,1770.2
8/5/20,1766.8
8/6/20,1777.65
8/7/20,1770.85
8/10/20,1785.8
8/11/20,1786
8/12/20,1787
8/13/20,1763.35
8/14/20,1745.85
8/17/20,1758.13
8/18/20,1774
8/19/20,1793.5
8/20/20,1789.35
8/21/20,1764.85
8/24/20,1770.35
8/25/20,1775.5
8/26/20,1780
8/27/20,1780.85
8/28/20,1801.25
9/1/20,1819.53
9/2/20,1786.2
9/3/20,1780.2
9/4/20,1786.65
9/7/20,1795.5
9/8/20,1791.85
9/9/20,1783.85
9/10/20,1780.25
9/11/20,1775
9/14/20,1800.65
9/15/20,1789.5
9/16/20,1791.25
9/17/20,1781
9/18/20,1792.3
9/21/20,1779.65
9/22/20,1776.65
9/23/20,1754.65
9/24/20,1749.3
9/25/20,1748.5
9/28/20,1775
9/29/20,1782.8
9/30/20,1765.75
10/1/20,1737
10/2/20,1767.85
10/5/20,1776.2
10/6/20,1764.8
10/7/20,1783.35
10/8/20,1804.35
10/9/20,1841.4
10/12/20,1855.3
10/13/20,1858.2
10/14/20,1850.25
10/15/20,1852
10/16/20,1870.65
10/19/20,1853.5
10/20/20,1834.5
10/21/20,1843.65
10/22/20,1846.35
10/23/20,1842.65
10/26/20,1827.35
10/27/20,1816.15
10/28/20,1809.5
10/29/20,1801.21
10/30/20,1848.35
11/2/20,1865.85
11/3/20,1905.5
11/4/20,1881.15
11/5/20,1897.35
11/6/20,1901.3
11/9/20,1893.35
11/10/20,1908
11/11/20,1918
11/12/20,1927.15
11/13/20,1931.85
11/16/20,1946.38
11/17/20,1977.65
11/18/20,1993.35
11/19/20,1992.5
11/20/20,1995.5
11/23/20,1984.08
11/24/20,1986.35
11/25/20,1970
11/26/20,1976.15
11/27/20,1998.65
11/30/20,2045
12/1/20,2064.65
12/2/20,2054.85
12/3/20,2024.2
12/4/20,2044.25
12/7/20,2017.1
12/8/20,1990.15
12/9/20,2035
12/10/20,2057.5
12/11/20,2026.85
12/14/20,2048.69
12/15/20,2031.43
12/16/20,2035
12/17/20,2064
12/18/20,2055.72
12/21/20,2026.53
12/22/20,1999.6
12/23/20,2008.15
12/24/20,2030
12/29/20,1991.15
12/30/20,1999.3
12/31/20,1979.35
1/4/21,2031.5
1/5/21,2040.35
1/6/21,2038.7
1/7/21,2025.6
1/8/21,2021.65
1/11/21,1999
1/12/21,2009
1/13/21,2011.8
1/14/21,2004
1/15/21,1990.85
1/18/21,1981.5
1/19/21,1964.2
1/20/21,1980.5
1/21/21,1997.15
1/22/21,1994.84
1/25/21,2007
1/26/21,2016.3
1/27/21,1995.39
1/28/21,1984.08
1/29/21,1998.62
2/1/21,1969
2/2/21,1972.65
2/3/21,1973.5
2/4/21,1996
2/5/21,2015.65
2/8/21,2027.75
2/9/21,2054.15
2/10/21,2077.46
2/11/21,2079.5
2/12/21,2089.35
2/15/21,2083.35
2/16/21,2086.65
2/17/21,2115
2/18/21,2136.86
2/19/21,2132.96
2/22/21,2166.5
2/23/21,2127.28
2/24/21,2178
2/25/21,2230.34
2/26/21,2154.35
3/1/21,2153.27
3/2/21,2211.5
3/3/21,2200
3/4/21,2170.71
3/5/21,2162.38
3/8/21,2183
3/9/21,2165.25
3/10/21,2168.2
3/11/21,2177.85
3/12/21,2171.15
3/15/21,2217.8
3/16/21,2202.3
3/17/21,2227.5
3/18/21,2222.65
3/19/21,2265.5
3/22/21,2272
3/23/21,2231.5
3/24/21,2258
3/25/21,2243.98
3/26/21,2298.15
3/29/21,2266
3/30/21,2231
3/31/21,2213.44
4/1/21,2225.65
4/6/21,2267.85
4/8/21,2279.13
4/9/21,2263.8
4/12/21,2251.68
4/13/21,2293
4/14/21,2323.7
4/15/21,2340.03
4/16/21,2318.25
4/19/21,2341.32
4/20/21,2326.4
4/21/21,2364.5
4/22/21,2363
4/23/21,2382.34
4/26/21,2403.5
4/27/21,2395.85
4/28/21,2399.5
4/29/21,2416.8
4/30/21,2418.65
5/4/21,2428.75
5/5/21,2444.7
5/6/21,2488.33
5/7/21,2540.48
5/10/21,2525.59
5/11/21,2527.72
5/12/21,2492.65
5/13/21,2451.7
5/14/21,2454.9
5/17/21,2504.35
5/18/21,2484.75
5/19/21,2426.56
5/20/21,2357.65
5/21/21,2382
5/24/21,2387
5/25/21,2367.13
5/26/21,2404.15
5/27/21,2480.8
5/28/21,2483
6/1/21,2503
6/2/21,2439.05
6/3/21,2408.59
6/4/21,2442.15
6/7/21,2425.85
6/8/21,2431.45
6/9/21,2458.65
6/10/21,2460.29
6/11/21,2460
6/14/21,2494
6/15/21,2465.15
6/16/21,2451.05
6/17/21,2361.65
6/18/21,2384.85
6/21/21,2372
6/22/21,2407.83
6/23/21,2434.77
6/24/21,2430.15
6/25/21,2485.85
6/28/21,2486.63
6/29/21,2551.5
6/30/21,2505.1
7/1/21,2512
7/2/21,2543.65
7/5/21,2555.85
7/6/21,2530
7/7/21,2510
7/8/21,2453.85
7/9/21,2503.32
7/12/21,2489.5
7/13/21,2529.05
7/14/21,2531.05
7/15/21,2519
7/16/21,2507.68
7/19/21,2432.85
7/20/21,2455.09
7/21/21,2456
7/22/21,2462.15
7/23/21,2496.74
7/26/21,2522.15
7/27/21,2500.5
7/28/21,2526.28
7/29/21,2582.74
7/30/21,2590.15
8/2/21,2615.85
8/3/21,2586
8/4/21,2563.01
8/5/21,2587.8
8/6/21,2598.5
8/9/21,2547.45
8/10/21,2574.7
8/11/21,2585.7
8/12/21,2582.35
8/13/21,2599.85
8/16/21,2605.22
8/17/21,2599.5
8/18/21,2555.15
8/19/21,2538.95
8/20/21,2565.87
8/23/21,2602.15
8/24/21,2614.85
8/25/21,2617.3
8/26/21,2619.5
8/27/21,2649.5
8/31/21,2709.57
9/1/21,2689.85
9/2/21,2701.85
9/3/21,2727.15
9/6/21,2764.51
9/7/21,2756.85
9/8/21,2795.89
9/9/21,2839.5
9/10/21,2916.07
9/13/21,2891.59
9/14/21,2830.85
9/15/21,2893
9/16/21,2882.05
9/17/21,2886.15
9/20/21,2863
9/21/21,2846
9/22/21,2938.35
9/23/21,2949.5
9/24/21,2926.85
9/27/21,2891.1
9/28/21,2944.5
9/29/21,2912.85
9/30/21,2858.5
10/1/21,2849.65
10/4/21,2916.15
10/5/21,2921
10/6/21,2897.3
10/7/21,2945.65
10/8/21,2957.85
10/11/21,3049.76
10/12/21,3063.89
10/13/21,3063.74
10/14/21,3122.15
10/15/21,3164.5
10/18/21,3167.7
10/19/21,3108.63
10/20/21,3069.35
10/21/21,2910.5
10/22/21,2868.15
10/25/21,2875.5
10/26/21,2834.37
10/27/21,2684.23
10/28/21,2762.44
10/29/21,2716.25
11/1/21,2714.5
11/2/21,2692.35
11/3/21,2659.75
11/4/21,2564.39
11/5/21,2554.48
11/8/21,2605
11/9/21,2561.33
11/10/21,2581.02
11/11/21,2659.43
11/12/21,2700
11/15/21,2656.85
11/16/21,2570.98
11/17/21,2611.43
11/18/21,2600.29
11/19/21,2675.9
11/22/21,2684.88
11/23/21,2672.85
11/24/21,2703.85
11/25/21,2706.74
11/26/21,2624.93
11/29/21,2629.8
11/30/21,2626.65
12/1/21,2664.65
12/2/21,2607.65
12/3/21,2621.45
12/6/21,2592.85
12/7/21,2628.65
12/8/21,2633.35
12/9/21,2626.5
12/10/21,2606.5
12/13/21,2652.97
12/14/21,2628.5
12/15/21,2603
12/16/21,2667
12/17/21,2724.3
12/20/21,2715
12/21/21,2753.85
12/22/21,2824.5
12/23/21,2846
12/24/21,2836.85
12/29/21,2820.45
12/30/21,2818.15
12/31/21,2818.45
1/4/22,2837.86
1/5/22,2916.85
1/6/22,2926.91
1/7/22,2917.23
1/10/22,2942.66
1/11/22,2970
1/12/22,2982.5
1/13/22,2952.15
1/14/22,2964.17
1/17/22,2995.92
1/18/22,3025.85
1/19/22,3051.15
1/20/22,3115.94
1/21/22,3034.05
1/24/22,3028.5
1/25/22,3082.38
1/26/22,3093.85
1/27/22,3095.99
1/28/22,3082.35
1/31/22,3028.65
2/1/22,3045.32
2/2/22,2986
2/3/22,3027
2/4/22,3074.1
2/7/22,3119.55
2/8/22,3182.8
2/9/22,3265.8
2/10/22,3237.4
2/11/22,3136.65
2/14/22,3202.85
2/15/22,3189.65
2/16/22,3255.8
2/17/22,3268.15
2/18/22,3253.6
2/21/22,3280.6
2/22/22,3303
2/23/22,3298.97
2/24/22,3397.23
2/25/22,3371.98
2/28/22,3378.8
3/1/22,3462.37
3/2/22,3530.07
3/3/22,3732.3
3/4/22,3849
3/7/22,3740.15
3/8/22,3502.94
3/9/22,3311.4
3/10/22,3427.5
3/11/22,3489.28
3/14/22,3330.15
3/15/22,3277.5
3/16/22,3271.75
3/17/22,3384.5
3/18/22,3398.63
3/21/22,3521
3/22/22,3504.5
3/23/22,3683.79
3/24/22,3590.93
3/25/22,3613.84
3/28/22,3615.1
3/29/22,3441.15
3/30/22,3551
3/31/22,3490.85
4/1/22,3442.37
4/4/22,3468.05
4/5/22,3464.8
4/6/22,3464.68
4/7/22,3384.85
4/8/22,3376.85
4/11/22,3247.85
4/12/22,3243.27
4/13/22,3233.26
4/14/22,3293.25
4/19/22,3263.94
4/20/22,3264.25
4/21/22,3298.15
4/22/22,3246.05
4/25/22,3094.6
4/26/22,3079.35
4/27/22,3104.44
4/28/22,3039.69
4/29/22,3048.9
5/3/22,2911
5/4/22,2952.28
5/5/22,2903.35
5/6/22,2841.85
5/9/22,2753.33
5/10/22,2753.65
5/11/22,2777.57
5/12/22,2790.13
5/13/22,2833.36
5/16/22,2831.8
5/17/22,2890.65
5/18/22,2878.16
5/19/22,2861.85
5/20/22,2977.78
5/23/22,2973.21
5/24/22,2878.51
5/25/22,2871.86
5/26/22,2862.58
5/27/22,2871.35
5/30/22,2904.85
5/31/22,2787
6/1/22,2726.15
6/6/22,2782.65
6/7/22,2751.79
6/8/22,2802.69
6/9/22,2760.85
6/10/22,2685.69
6/13/22,2638.37
6/14/22,2566.8
6/15/22,2583.98
6/16/22,2504.5
6/17/22,2497.85
6/20/22,2527
6/21/22,2533.65
6/22/22,2479.5
6/23/22,2477.35
6/24/22,2455.85
6/27/22,2474.77
6/28/22,2490.85
6/29/22,2470.85
6/30/22,2431.33
7/1/22,2397.69
7/4/22,2463.85
7/5/22,2392
7/6/22,2388.07
7/7/22,2442.7
7/8/22,2436.65
7/11/22,2381.38
7/12/22,2359.85
7/13/22,2369.31
7/14/22,2340.99
7/15/22,2339.43
7/18/22,2431.15
7/19/22,2385.5
7/20/22,2447
7/21/22,2428.77
7/22/22,2475.7
7/25/22,2409.15
7/26/22,2423.65
7/27/22,2420.95
7/28/22,2471.6
7/29/22,2460.85
8/1/22,2448.84
8/2/22,2414.3
8/3/22,2377.85
8/4/22,2402.8
8/5/22,2418.65
8/8/22,2445.65
8/9/22,2492.59
8/10/22,2489.65
8/11/22,2511.6
8/12/22,2487.09
8/15/22,2384
8/16/22,2392
8/17/22,2411
8/18/22,2404.65
8/19/22,2386.2
8/22/22,2387.25
8/23/22,2427.65
8/24/22,2430
8/25/22,2433.65
8/26/22,2493.65
8/30/22,2395.11
8/31/22,2370.85
9/1/22,2300.72
9/2/22,2295.65
9/5/22,2289.15
9/6/22,2259.82
9/7/22,2244.52
9/8/22,2267.35
9/9/22,2290.25
9/12/22,2290.28
9/13/22,2313
9/14/22,2270.35
9/15/22,2310.38
9/16/22,2276.85
9/19/22,2249.34
9/20/22,2245.5
9/21/22,2215.91
9/22/22,2231.04
9/23/22,2165.15
9/26/22,2139.35
9/27/22,2111.32
9/28/22,2115.53
9/29/22,2197
9/30/22,2149.85
10/3/22,2224.35
10/4/22,2349.79
10/5/22,2298.15
10/6/22,2362.65
10/7/22,2330.43
10/10/22,2260
10/11/22,2236
10/12/22,2204.69
10/13/22,2364.85
10/14/22,2327.57
10/17/22,2227.35
10/18/22,2183
10/19/22,2170.5
10/20/22,2209.7
10/21/22,2215.21
10/24/22,2181.25
10/25/22,2218.77
10/26/22,2329.75
10/27/22,2287.35
10/28/22,2220.23
10/31/22,2211.1
11/1/22,2247.15
11/2/22,2256.39
11/3/22,2264.15
11/4/22,2350.53
11/7/22,2323.33
11/8/22,2356.15
11/9/22,2318.85
11/10/22,2322.97
11/11/22,2463.65
11/14/22,2434.48
11/15/22,2435
11/16/22,2409.78
11/17/22,2382.32
11/18/22,2394.71
11/21/22,2361.8
11/22/22,2427.34
11/23/22,2392.15
11/24/22,2367.35
11/25/22,2362.35
11/28/22,2362.65
11/29/22,2379.65
11/30/22,2485
12/1/22,2485.68
12/2/22,2474.85
12/5/22,2522.35
12/6/22,2508.5
12/7/22,2494.35
12/8/22,2498.85
12/9/22,2473.85
12/12/22,2413.8
12/13/22,2460.85
12/14/22,2446.59
12/15/22,2403.63
12/16/22,2392.97
12/19/22,2375.14
12/20/22,2389.73
12/21/22,2398.56
12/22/22,2406.2
12/23/22,2394.5
12/28/22,2381.1
12/29/22,2404.85
12/30/22,2377.85
1/3/23,2318.5
1/4/23,2266.5
1/5/23,2258.35
1/6/23,2307.32
1/9/23,2421.65
1/10/23,2463.3
1/11/23,2495.6
1/12/23,2542.12
1/13/23,2595
1/16/23,2625.73
1/17/23,2615.98
1/18/23,2615
1/19/23,2587.5
1/20/23,2610.65
1/23/23,2635.15
1/24/23,2651.32
1/25/23,2653.2
1/26/23,2638.85
1/27/23,2627.54
1/30/23,2561
1/31/23,2573.6
2/1/23,2608.15
2/2/23,2610.26
2/3/23,2587.13
2/6/23,2534.24
2/7/23,2507.15
2/8/23,2484.07
2/9/23,2496.55
2/10/23,2440.35
2/13/23,2412.35
2/14/23,2417.45
2/15/23,2389.19
2/16/23,2406.84